"TeamID_0","TeamID_1","pred_prob"
1103,1104,0.106779477830747
1104,1106,0.965250501148429
1103,1106,0.768552313507638
1104,1110,0.950650936181846
1103,1110,0.697233906835224
1106,1110,0.409509280416126
1106,1112,0.059750235371754
1110,1112,0.0839401186741042
1104,1112,0.638359293893199
1103,1112,0.174247605570928
1110,1116,0.200535982545858
1112,1116,0.7324385590579
1103,1116,0.366145781958887
1106,1116,0.148180669259229
1104,1116,0.828535057309051
1110,1120,0.0327038823406543
1116,1120,0.118776988002611
1104,1120,0.394417043210242
1112,1120,0.269525205894942
1103,1120,0.0722352216894321
1106,1120,0.0229100009370629
1112,1124,0.679562314130847
1104,1124,0.789183568685989
1120,1124,0.851800615060943
1106,1124,0.118761469939995
1103,1124,0.309158452854463
1116,1124,0.436527014980475
1110,1124,0.162707827468638
1116,1136,0.75198189577136
1112,1136,0.892471700188147
1104,1136,0.936105256361783
1103,1136,0.636550427623055
1120,1136,0.957436957524024
1124,1136,0.796486790756481
1106,1136,0.345307196184351
1110,1136,0.431989818079598
1106,1140,0.0605875277246235
1103,1140,0.176388377827196
1136,1140,0.108957530608135
1104,1140,0.641770498090047
1110,1140,0.085085713834766
1116,1140,0.270473136722655
1124,1140,0.323670517514886
1120,1140,0.733380014720429
1112,1140,0.503701638708635
1120,1155,0.826311595853373
1103,1155,0.270292030568116
1106,1155,0.100354109555513
1110,1155,0.138560013371808
1124,1155,0.452869116085143
1140,1155,0.63364113147247
1112,1155,0.637071537854954
1116,1155,0.390703983760268
1104,1155,0.756009803919057
1136,1155,0.174572036129755
1110,1161,0.193140566295415
1112,1161,0.723171224024219
1124,1161,0.55193345695627
1103,1161,0.355357673986925
1106,1161,0.142372184664085
1155,1161,0.598103837695006
1104,1161,0.821786290353785
1140,1161,0.720197204289368
1136,1161,0.239395976866811
1116,1161,0.488306284614583
1120,1161,0.876238246699193
1104,1163,0.758222936971268
1155,1163,0.503008733767506
1116,1163,0.393572726235845
1112,1163,0.639849569192072
1161,1163,0.404792487102471
1140,1163,0.636430435665225
1103,1163,0.27267231228335
1110,1163,0.14000279285047
1120,1163,0.828032102002924
1136,1163,0.176313048522673
1124,1163,0.455852808809663
1106,1163,0.101445912810709
1124,1166,0.476245699881369
1120,1166,0.839391181140821
1112,1166,0.658512475952085
1136,1166,0.188533343704116
1110,1166,0.150165227343473
1116,1166,0.413295631107918
1155,1166,0.523481740776127
1163,1166,0.520478794341004
1104,1166,0.772928641604953
1161,1166,0.424683895641544
1106,1166,0.109164866824764
1140,1166,0.655175036727206
1103,1166,0.289226163102166
1161,1179,0.563422735792693
1106,1179,0.176439243868236
1120,1179,0.90135258625541
1155,1179,0.657604113621759
1136,1179,0.288859613536847
1166,1179,0.636137656111087
1112,1179,0.771237440310844
1103,1179,0.415686575187984
1110,1179,0.236012549844031
1163,1179,0.654889166698108
1140,1179,0.768614582486927
1116,1179,0.551882935789427
1124,1179,0.613856132771337
1104,1179,0.856136115248154
1103,1181,0.0827201290820361
1106,1181,0.0264394085527154
1179,1181,0.112501159831808
1166,1181,0.181412875301887
1161,1181,0.140592345467491
1140,1181,0.296308517052813
1112,1181,0.299405167944016
1155,1181,0.195791505075791
1110,1181,0.0376838989312706
1136,1181,0.0489683701447641
1163,1181,0.193903430483944
1116,1181,0.135034159612896
1124,1181,0.167717193319946
1104,1181,0.429992460181819
1120,1181,0.536659300975418
1124,1196,0.21227337176557
1163,1196,0.24338198378444
1104,1196,0.502183739852011
1112,1196,0.363659670105804
1140,1196,0.360240168840899
1110,1196,0.0497604728556553
1179,1196,0.144943101350372
1188,1196,0.046153999812203
1155,1196,0.245605048977254
1161,1196,0.179496581635856
1181,1196,0.572147160742154
1136,1196,0.0644191986631537
1166,1196,0.228608094351773
1106,1196,0.0350436821528373
1103,1196,0.107615468911289
1120,1196,0.607667399000411
1116,1196,0.172709443614131
1161,1208,0.451858506830019
1112,1208,0.682889438075812
1155,1208,0.550924380469002
1196,1208,0.790277273181237
1103,1208,0.312440316359126
1120,1208,0.853724322628064
1116,1208,0.440299226343867
1124,1208,0.503830268836598
1188,1208,0.15421453100232
1179,1208,0.389781871739906
1104,1208,0.791721336024623
1136,1208,0.206008020554102
1181,1208,0.83441061451451
1166,1208,0.527574533440326
1140,1208,0.67967435077012
1110,1208,0.164805920972812
1106,1208,0.120374351344176
1163,1208,0.547945030849865
1163,1211,0.419667005429038
1120,1211,0.776884755406317
1181,1211,0.750391762189027
1179,1211,0.275929991785122
1110,1211,0.105325229058769
1103,1211,0.213283300440232
1196,1211,0.692127798193556
1112,1211,0.562316983888355
1104,1211,0.693985985232982
1116,1211,0.319415449947858
1140,1211,0.558669479499021
1136,1211,0.134043539793077
1161,1211,0.32967042250711
1166,1211,0.399847265307233
1208,1211,0.373668275440932
1124,1211,0.37726097825273
1106,1211,0.0754803715774251
1155,1211,0.422600909572197
1188,1211,0.098107390410725
1103,1213,0.523819284680037
1211,1213,0.802278477789068
1136,1213,0.385782876977374
1124,1213,0.710827391817586
1106,1213,0.248840581238168
1196,1213,0.901204668736209
1116,1213,0.655687975529772
1179,1213,0.607270986439263
1181,1213,0.924232832396227
1104,1213,0.901979668229757
1140,1213,0.837039052715104
1166,1213,0.729974784491662
1155,1213,0.748097414426728
1112,1213,0.83904870709047
1120,1213,0.933899948135569
1110,1213,0.323264179099941
1163,1213,0.745822666894929
1161,1213,0.666171582343076
1208,1213,0.707667911591307
1188,1213,0.306223089737008
1161,1219,0.602267574904428
1196,1219,0.873766990226381
1163,1219,0.690072419792638
1124,1219,0.650993265281589
1136,1219,0.322769868799444
1211,1219,0.754840676839548
1166,1219,0.672275929979081
1181,1219,0.902498668880066
1106,1219,0.200880027907348
1112,1219,0.798214029215203
1140,1219,0.795818584083833
1179,1219,0.539879486774868
1155,1219,0.692640486668659
1103,1219,0.454960300322103
1104,1219,0.874727305574035
1116,1219,0.591009206760749
1120,1219,0.914682857093406
1110,1219,0.266039800393272
1208,1219,0.647504229660947
1213,1219,0.431435244404178
1188,1219,0.250896933066491
1140,1222,0.289497601630505
1196,1222,0.419822177279028
1181,1222,0.491779119935452
1163,1222,0.188814795287077
1104,1222,0.421951255690861
1124,1222,0.163176656765022
1110,1222,0.0365092741119315
1208,1222,0.161095304194553
1188,1222,0.0338290129138728
1106,1222,0.0256059535426102
1155,1222,0.190665040636725
1166,1222,0.176580226865016
1161,1222,0.136665565710935
1211,1222,0.243499323420133
1112,1222,0.292552665311548
1213,1222,0.0734961312120398
1219,1222,0.0946455495289824
1136,1222,0.0474593502287977
1179,1222,0.109259226074747
1120,1222,0.528472744430319
1116,1222,0.131238914679466
1103,1222,0.0802587831478389
1196,1228,0.707197967883755
1181,1228,0.763584121266949
1219,1228,0.258674297796301
1211,1228,0.517924332010716
1166,1228,0.417176870641724
1208,1228,0.390601716405726
1120,1228,0.789070489788001
1179,1228,0.290488474866921
1140,1228,0.576272973448208
1222,1228,0.769469355805531
1106,1228,0.0806406967404818
1104,1228,0.709003439550311
1161,1228,0.345710544596296
1110,1228,0.112278146732054
1136,1228,0.142590115375326
1155,1228,0.44019335609684
1163,1228,0.43722980237649
1124,1228,0.394254745690757
1213,1228,0.209346652343008
1112,1228,0.579884395516498
1188,1228,0.104639559075146
1116,1228,0.335206124840909
1103,1228,0.225566144739648
1219,1235,0.231776081178721
1110,1235,0.098578622917558
1155,1235,0.404724787228133
1222,1235,0.742667259950736
1140,1235,0.540424783184082
1163,1235,0.401828619808421
1181,1235,0.736332253070901
1106,1235,0.0704948462893244
1104,1235,0.678112207361084
1188,1235,0.0917756961600715
1196,1235,0.676202604031658
1112,1235,0.544100025744291
1211,1235,0.481580562088676
1213,1235,0.186288808551867
1208,1235,0.356583732828817
1124,1235,0.360106615128986
1120,1235,0.763847879201443
1179,1235,0.261448789701614
1161,1235,0.31359033277214
1228,1235,0.463704163248585
1136,1235,0.125715868473602
1103,1235,0.201176403951651
1116,1235,0.303609006698707
1166,1235,0.382296365844911
1136,1242,0.156481407771855
1181,1242,0.782743776409209
1116,1242,0.359983851100995
1163,1242,0.464282119598211
1124,1242,0.420635510116773
1112,1242,0.606254713293665
1188,1242,0.115330976712385
1208,1242,0.416906279034461
1213,1242,0.228011960538925
1104,1242,0.731028315821991
1120,1242,0.806687578289645
1110,1242,0.123642251771748
1222,1242,0.788284301269798
1106,1242,0.0891241376298813
1196,1242,0.729307323413714
1211,1242,0.54513312040425
1219,1242,0.280179140948367
1103,1242,0.245229049100499
1155,1242,0.467276786887722
1235,1242,0.563341926972805
1161,1242,0.370831612233995
1166,1242,0.443967267870531
1179,1242,0.31351962393494
1228,1242,0.52729711980244
1140,1242,0.602714672110901
1112,1246,0.475997442629609
1106,1246,0.0545751114109528
1211,1246,0.414193842808012
1166,1246,0.32022099091134
1163,1246,0.338318765630283
1104,1246,0.615896292154044
1136,1246,0.0986491629354744
1208,1246,0.296678184548634
1219,1246,0.18675219835125
1155,1246,0.341018148830128
1161,1246,0.258011244027368
1222,1246,0.687172708546668
1235,1246,0.432184551130196
1110,1246,0.0768410699073415
1181,1246,0.680060079826883
1103,1246,0.160852089743531
1124,1246,0.299885073606181
1140,1246,0.472305646360831
1179,1246,0.212253375853827
1196,1246,0.613827785793541
1242,1246,0.371058134854424
1116,1246,0.249156820224675
1188,1246,0.0714194016867448
1120,1246,0.711144427508546
1228,1246,0.396903766270783
1213,1246,0.148394256397025
1112,1251,0.727219808835015
1166,1251,0.580272017996291
1196,1251,0.823475997573911
1116,1251,0.493383445969289
1110,1251,0.196326249307441
1155,1251,0.602977339815675
1211,1251,0.674803449834365
1181,1251,0.861844437598879
1213,1251,0.338361497300669
1106,1251,0.144870838778285
1103,1251,0.360025105043584
1179,1251,0.441580728310204
1124,1251,0.556952104244381
1188,1251,0.184155830802388
1161,1251,0.505078733163706
1136,1251,0.243114720008673
1140,1251,0.724272700316887
1104,1251,0.824742162303955
1208,1251,0.553168228274765
1228,1251,0.658870228915848
1235,1251,0.690765988700259
1246,1251,0.745858850645414
1120,1251,0.878424584400823
1242,1251,0.633895772117379
1163,1251,0.600092653435785
1222,1251,0.865713792056061
1219,1251,0.40260882235167
1112,1252,0.82062247364669
1166,1252,0.703474450757421
1116,1252,0.625636027272231
1208,1252,0.679938244746675
1228,1252,0.768217177391978
1242,1252,0.748188563887044
1161,1252,0.636527424532422
1251,1252,0.631814284275131
1219,1252,0.536286421386626
1136,1252,0.355334897770142
1235,1252,0.793099523060307
1120,1252,0.925366700279787
1110,1252,0.295377589812845
1106,1252,0.225237361904341
1213,1252,0.467397206755129
1140,1252,0.818432534241464
1163,1252,0.720281668292091
1211,1252,0.780742699564983
1246,1252,0.834333238475892
1103,1252,0.491189122197915
1188,1252,0.279200059835406
1181,1252,0.914565766338776
1222,1252,0.917100572164692
1124,1252,0.683263284672402
1155,1252,0.722700007509131
1179,1252,0.57572757157462
1104,1252,0.889811840801574
1196,1252,0.888952480491888
1252,1257,0.273978417387933
1228,1257,0.55570312923269
1106,1257,0.0988621017195444
1222,1257,0.806754588204851
1166,1257,0.472370117190567
1208,1257,0.444963309413754
1112,1257,0.633216374104474
1136,1257,0.172187789414513
1161,1257,0.397903851022562
1188,1257,0.127531467889563
1116,1257,0.386750960190284
1242,1257,0.528579835993034
1179,1257,0.338659962302344
1104,1257,0.752928067239112
1120,1257,0.823910990415002
1219,1257,0.303829249854372
1163,1257,0.492832689709799
1155,1257,0.495841064735389
1103,1257,0.267023383362758
1181,1257,0.801575754257155
1124,1257,0.448750363466059
1246,1257,0.655233474434899
1211,1257,0.573334580125167
1235,1257,0.591260923677422
1196,1257,0.751299527554764
1140,1257,0.62977070493819
1110,1257,0.13658622048511
1251,1257,0.393046946661717
1213,1257,0.248780504598858
1136,1266,0.176298058187551
1103,1266,0.272651841230366
1140,1266,0.636406550745384
1112,1266,0.639825781774214
1228,1266,0.562744798257716
1166,1266,0.479495443091006
1155,1266,0.502982928781423
1222,1266,0.811169394081848
1106,1266,0.101436503883182
1211,1266,0.580307854592478
1213,1266,0.254157765368707
1181,1266,0.806080434644989
1161,1266,0.404767617102117
1246,1266,0.661658126422586
1242,1266,0.535692206083967
1116,1266,0.393548089783981
1257,1266,0.507141509661256
1188,1266,0.130744113199959
1252,1266,0.279697535094069
1179,1266,0.345087504165258
1196,1266,0.756599007366563
1219,1266,0.309905503942974
1120,1266,0.828017402979751
1104,1266,0.758204013412917
1235,1266,0.598146568857964
1163,1266,0.499974194087505
1251,1266,0.399882575057857
1124,1266,0.455827204194105
1110,1266,0.139990364977266
1208,1266,0.452029400647073
1163,1268,0.416031243698856
1196,1268,0.688933759679959
1166,1268,0.39626596478693
1222,1268,0.753736856835245
1155,1268,0.418958079862676
1140,1268,0.554981110458721
1252,1268,0.216709426483539
1106,1268,0.0744439469337149
1161,1268,0.326375853511388
1110,1268,0.103925068899591
1120,1268,0.774283270414926
1103,1268,0.210786104894583
1181,1268,0.747581739652137
1251,1268,0.321925219098192
1112,1268,0.558635015525425
1136,1268,0.132318069775056
1242,1268,0.451163242018324
1246,1268,0.582174963899533
1235,1268,0.514686899656185
1179,1268,0.272953793261024
1211,1268,0.496263418398327
1257,1268,0.42301322213861
1188,1268,0.0967928011187585
1213,1268,0.195361283947839
1104,1268,0.6908026125004
1124,1268,0.373755990967723
1208,1268,0.370176825333311
1116,1268,0.316175025853916
1266,1268,0.416056322024364
1228,1268,0.478344887855326
1219,1268,0.24240390754238
1155,1270,0.676198925858534
1252,1270,0.444841322120925
1179,1270,0.520918401079164
1181,1270,0.895590831732193
1106,1270,0.188936056939509
1235,1270,0.754391838456459
1242,1270,0.704212352720956
1136,1270,0.306356946579861
1104,1270,0.866143728907167
1268,1270,0.743341657883904
1257,1270,0.679830741307214
1116,1270,0.57248665546292
1163,1270,0.673558229716299
1140,1270,0.7831685023832
1188,1270,0.23686051939151
1110,1270,0.251440576132311
1219,1270,0.480975431976694
1246,1270,0.801408083922656
1166,1270,0.655287161202769
1222,1270,0.898626214917206
1211,1270,0.740479716364571
1124,1270,0.633502686728857
1228,1270,0.726459950917297
1120,1270,0.908550782673263
1213,1270,0.412865315488958
1196,1270,0.865127759133356
1266,1270,0.673580925872015
1161,1270,0.583895917271455
1103,1270,0.436154558929375
1112,1270,0.785672388198223
1208,1270,0.629938194088063
1251,1270,0.578951744717194
1120,1272,0.886260595910804
1116,1272,0.512257065487656
1257,1272,0.624813092633826
1188,1272,0.195771508785061
1179,1272,0.460273075120989
1196,1272,0.834185124572222
1136,1272,0.257276506788549
1228,1272,0.675631912549263
1208,1272,0.571747831435329
1246,1272,0.759903842513804
1110,1272,0.208513383142213
1112,1272,0.741938479465424
1235,1272,0.706658207037636
1155,1272,0.620905199883264
1268,1272,0.694330611871727
1222,1272,0.874251785161194
1166,1272,0.598542533566796
1219,1272,0.420894889888056
1266,1272,0.618092632289241
1213,1272,0.355465844729554
1251,1272,0.518867498936734
1103,1272,0.377599577579309
1140,1272,0.739093338934268
1181,1272,0.870591671610041
1104,1272,0.83538983015177
1106,1272,0.15447779096013
1242,1272,0.651235023993821
1270,1272,0.439555596979267
1163,1272,0.618068265623296
1252,1272,0.385918327505721
1124,1272,0.575495111973286
1211,1272,0.69114922870147
1161,1272,0.523937057218608
1161,1276,0.347628299280765
1120,1276,0.79047632435744
1257,1276,0.446388399085913
1112,1276,0.581945781623607
1136,1276,0.143628449110408
1179,1276,0.292236719670686
1104,1276,0.710747297397652
1163,1276,0.439314362857618
1251,1276,0.343035437494769
1196,1276,0.708948203835102
1110,1276,0.113124872980471
1246,1276,0.605121283285225
1181,1276,0.765109255626577
1235,1276,0.538400849541423
1270,1276,0.275225860233605
1219,1276,0.260301319832951
1272,1276,0.326226479640654
1103,1276,0.227048701605541
1166,1276,0.419237047190449
1188,1276,0.105435522042464
1124,1276,0.396278690880826
1213,1276,0.210751615819516
1222,1276,0.770967911795644
1268,1276,0.523767568514343
1140,1276,0.578339194578844
1266,1276,0.439339788782849
1106,1276,0.0812706773201958
1242,1276,0.474813873261229
1228,1276,0.502116814377024
1208,1276,0.392619063452029
1155,1276,0.442280941643448
1116,1276,0.337095630250999
1252,1276,0.233293930456176
1211,1276,0.520038105205813
1120,1277,0.795352085139808
1219,1277,0.266059475967614
1166,1277,0.426483933386139
1161,1277,0.354392706597469
1188,1277,0.108269306845054
1213,1277,0.21573335352395
1251,1277,0.34975838847516
1136,1277,0.147319694369473
1252,1277,0.238647401687646
1112,1277,0.589152040470493
1163,1277,0.446641397869134
1103,1277,0.232302283066395
1270,1277,0.28118866178292
1110,1277,0.116138493219139
1179,1277,0.298416321039513
1211,1277,0.527444958907636
1124,1277,0.403404381754771
1104,1277,0.716813733174825
1228,1277,0.509539397858391
1222,1277,0.776169099693053
1106,1277,0.0835156194280554
1272,1277,0.33278687465174
1155,1277,0.449617777820442
1268,1277,0.531168755045039
1140,1277,0.5855633483401
1276,1277,0.507423183070712
1208,1277,0.399722518451176
1266,1277,0.446666910029925
1235,1277,0.54577184236077
1116,1277,0.343763083507834
1196,1277,0.715037243575957
1257,1277,0.453737938741869
1181,1277,0.770403868615667
1246,1277,0.612194270103607
1242,1277,0.482223762463023
1112,1279,0.654117593312972
1276,1279,0.576011706193229
1208,1279,0.467572034419
1251,1279,0.414990081291123
1140,1279,0.650759981433885
1270,1279,0.340325085197061
1235,1279,0.613092130876197
1103,1279,0.285237252636461
1110,1279,0.147695671366577
1272,1279,0.396784780055551
1163,1279,0.515614170407332
1222,1279,0.820568927198769
1196,1279,0.767937810751593
1136,1279,0.185570584036529
1179,1279,0.359364515244404
1161,1279,0.419930536832074
1257,1279,0.522771287212408
1277,1279,0.568743677275069
1188,1279,0.138022167865316
1213,1279,0.26620193921715
1252,1279,0.292477393219506
1124,1279,0.471388087962023
1120,1279,0.836747067009524
1155,1279,0.518619405299475
1211,1279,0.595468169451312
1242,1279,0.551217793117305
1228,1279,0.578078268561945
1268,1279,0.599063397647204
1166,1279,0.495129146061304
1106,1279,0.107284464477749
1104,1279,0.769490827291383
1219,1279,0.323445824333933
1266,1279,0.515639951112115
1181,1279,0.815675722181222
1116,1279,0.408579214053052
1246,1279,0.675522961036552
1188,1280,0.163079787845403
1222,1280,0.847681707108373
1163,1280,0.564342039121238
1268,1280,0.645173468434495
1112,1280,0.697097511900256
1161,1280,0.468359220104685
1242,1280,0.599148482715912
1120,1280,0.861826898902836
1155,1280,0.567298660019051
1124,1280,0.520426940487602
1208,1280,0.516601867416168
1106,1280,0.127587712917862
1219,1280,0.36780271476013
1103,1280,0.326885985713555
1211,1280,0.641744445354142
1104,1280,0.802463732118238
1110,1280,0.174154669899757
1266,1280,0.564367417529803
1270,1280,0.385677197103177
1272,1280,0.444590030084811
1251,1280,0.463304074359547
1116,1280,0.456729544694492
1252,1280,0.334688272580269
1279,1280,0.548924476136835
1136,1280,0.217086493038392
1257,1280,0.571377683464406
1235,1280,0.658508513546359
1179,1280,0.405693480789019
1196,1280,0.801075436104211
1166,1280,0.54409565487789
1181,1280,0.843386767426686
1276,1280,0.623104955295594
1246,1280,0.716993813456479
1140,1280,0.693961919071551
1213,1280,0.3062621755041
1228,1280,0.625091379252783
1277,1280,0.616106177746499
1266,1281,0.383151057760134
1166,1281,0.363950365601993
1112,1281,0.524583466909391
1179,1281,0.246587040085196
1110,1281,0.0918239705933426
1268,1281,0.46575097810448
1103,1281,0.188864631001724
1251,1281,0.292732599088592
1196,1281,0.65879485452214
1155,1281,0.38597501195778
1272,1281,0.277347928471186
1213,1281,0.174688897187411
1257,1281,0.389925147315794
1136,1281,0.117343817079861
1276,1281,0.442171702222807
1163,1281,0.383126661524091
1106,1281,0.0655246281969865
1228,1281,0.44426122427057
1252,1281,0.194323613512137
1235,1281,0.480398438482094
1277,1281,0.434860369120188
1279,1281,0.368472578279501
1161,1281,0.2969563921078
1211,1281,0.462033831272965
1242,1281,0.417466406571603
1208,1281,0.338794879547893
1222,1281,0.72739220554179
1280,1281,0.324076314616387
1104,1281,0.66075561562759
1120,1281,0.749405856889378
1140,1281,0.520889431879828
1181,1281,0.720822516169311
1246,1281,0.548471618449227
1124,1281,0.342235495964975
1116,1281,0.287282922418539
1188,1281,0.0854429995239055
1270,1281,0.231364773823875
1219,1281,0.218102936290257
1242,1285,0.784124233347418
1246,1285,0.860271220877414
1124,1285,0.725059552290657
1272,1285,0.660470597301319
1235,1285,0.824132537739791
1279,1285,0.747301584744501
1211,1285,0.813192563117677
1104,1285,0.908021271340265
1179,1285,0.62390320583857
1266,1285,0.758935508666597
1213,1285,0.517566119998809
1116,1285,0.671379319798564
1120,1285,0.938109105404753
1280,1285,0.708466118674959
1155,1285,0.761111721107346
1257,1285,0.76412336075648
1166,1285,0.743604485326064
1252,1285,0.550054248055556
1163,1285,0.758916623147073
1140,1285,0.846401730652427
1251,1285,0.677192172286834
1188,1285,0.321356870294659
1276,1285,0.800703049293516
1270,1285,0.604063677423668
1110,1285,0.338828835192397
1219,1285,0.585717915231858
1277,1285,0.795922064118312
1228,1285,0.802050803013596
1268,1285,0.815452486935491
1196,1285,0.907289130003635
1161,1285,0.681617147820701
1112,1285,0.84831684660523
1103,1285,0.541316255741802
1106,1285,0.262210286834625
1222,1285,0.93114927600096
1136,1285,0.402567057985102
1208,1285,0.721994755638187
1281,1285,0.835214941533106
1181,1285,0.929010784691872
1219,1291,0.762775276712249
1163,1291,0.877440601139294
1270,1291,0.776275239360558
1246,1291,0.933342759851582
1188,1291,0.518521825943772
1120,1291,0.971809029046004
1181,1291,0.967493126318183
1104,1291,0.95735951522163
1140,1291,0.926103321704184
1257,1291,0.880490646638988
1106,1291,0.44698807156851
1124,1291,0.85709438242539
1196,1291,0.957001504056105
1161,1291,0.829611714607882
1136,1291,0.605129355346047
1103,1291,0.728555695810142
1222,1291,0.96851166109414
1213,1291,0.709294025612484
1266,1291,0.877451701232871
1285,1291,0.694589526715658
1242,1291,0.892018673468301
1166,1291,0.868350509772841
1228,1291,0.902104157945399
1235,1291,0.914218409616399
1211,1291,0.908258482131966
1208,1291,0.855207478546749
1252,1291,0.735469839279048
1116,1291,0.82289626606736
1110,1291,0.538212016710932
1279,1291,0.870561942140305
1112,1291,0.927110269530332
1251,1291,0.826720716359343
1155,1291,0.878728968743674
1281,1291,0.920173854379873
1280,1291,0.846785742287687
1276,1291,0.90135384079663
1268,1291,0.909496331641878
1277,1291,0.898681865996094
1272,1291,0.815636048343625
1179,1291,0.790478661187725
1246,1303,0.876645209425936
1208,1303,0.749861004543472
1120,1303,0.945934978465683
1281,1303,0.854026905467391
1285,1303,0.535811877907504
1155,1303,0.78621801368568
1277,1303,0.818243565668728
1106,1303,0.290899623641069
1270,1303,0.637821075462508
1181,1303,0.937910963712297
1251,1303,0.707731343080832
1196,1303,0.918674232525078
1116,1303,0.702226603132542
1222,1303,0.939798718461413
1213,1303,0.553244019820627
1110,1303,0.371678098088848
1124,1303,0.752723811431359
1257,1303,0.789000886039263
1211,1303,0.834018994380797
1188,1303,0.353417679683412
1266,1303,0.7842056676662
1242,1303,0.807423929821104
1219,1303,0.62005564451999
1252,1303,0.585254836298624
1166,1303,0.769994699389166
1228,1303,0.823850317011247
1272,1303,0.691871912907949
1268,1303,0.836077755873607
1276,1303,0.822618161647218
1235,1303,0.84397332830789
1279,1303,0.773427211634194
1140,1303,0.864144334813065
1136,1303,0.437506715464615
1163,1303,0.784188198910812
1161,1303,0.711915781423052
1104,1303,0.919324459877463
1103,1303,0.576674340336487
1280,1303,0.737194824771908
1112,1303,0.865873286087657
1179,1303,0.65692976467135
1291,1303,0.336669603696408
1104,1307,0.837098471336597
1285,1307,0.342333027856122
1279,1307,0.606197764870973
1242,1307,0.654063617341817
1291,1307,0.186247621589859
1266,1307,0.621033603650344
1272,1307,0.503119310805057
1124,1307,0.578540439971455
1140,1307,0.741492223920379
1161,1307,0.527048289552004
1276,1307,0.676510119367948
1166,1307,0.601537000653477
1257,1307,0.627733481110787
1188,1307,0.197743474105458
1136,1307,0.259667967211229
1155,1307,0.623837693653158
1270,1307,0.442631641743556
1222,1307,0.875617102867949
1252,1307,0.388879466590546
1303,1307,0.310794433617378
1112,1307,0.744320254548348
1179,1307,0.463374231173238
1219,1307,0.423939127570079
1163,1307,0.621009309571324
1106,1307,0.156114554994406
1181,1307,0.871990910423946
1281,1307,0.725145908077734
1246,1307,0.762172956973839
1213,1307,0.358329668986773
1277,1307,0.669977801465547
1116,1307,0.515374025075607
1110,1307,0.210580088369271
1208,1307,0.574800179986537
1251,1307,0.521981634948977
1280,1307,0.558488843658558
1235,1307,0.709237992508181
1196,1307,0.835903814193274
1103,1307,0.380536441267215
1228,1307,0.678360364079682
1268,1307,0.696972321857297
1211,1307,0.693806308472739
1120,1307,0.88751230379999
1188,1313,0.427674426341003
1155,1313,0.834101857703938
1228,1313,0.864755071925605
1196,1313,0.939184817398635
1110,1313,0.447118428063807
1270,1313,0.7065369126656
1140,1313,0.896863554707818
1268,1313,0.874575381999462
1104,1313,0.93968182277854
1208,1313,0.803856661234388
1266,1313,0.832444187152598
1211,1313,0.872926639858514
1219,1313,0.690506555642778
1291,1313,0.409636803160804
1222,1313,0.955241218149585
1280,1313,0.793170491189362
1252,1313,0.658605774994418
1246,1313,0.90667887413148
1106,1313,0.359320478551222
1242,1313,0.851455383825529
1163,1313,0.832429788934782
1112,1313,0.898225149964409
1213,1313,0.628664269006805
1303,1313,0.577545173957203
1281,1313,0.888869428465359
1161,1313,0.771607594834426
1136,1313,0.515349425924713
1166,1313,0.82068354261244
1272,1313,0.754283418505387
1179,1313,0.7235912790416
1277,1313,0.860229410039116
1235,1313,0.880880844716976
1279,1313,0.82353295913271
1251,1313,0.768007644771563
1285,1313,0.612111697947462
1181,1313,0.95381390216679
1257,1313,0.836391120359798
1120,1313,0.959870650077842
1124,1313,0.806261158565385
1116,1313,0.763258421754172
1276,1313,0.863761726591271
1103,1313,0.650636931187136
1307,1313,0.751963526505842
1222,1314,0.851019220985255
1213,1314,0.311832080839959
1166,1314,0.550558275673592
1266,1314,0.570769373211155
1280,1314,0.506520770425231
1140,1314,0.699473528067473
1208,1314,0.523112629428837
1246,1314,0.722256640773941
1181,1314,0.846801381759984
1252,1314,0.340521396898345
1270,1314,0.391875552209768
1196,1314,0.80519948256242
1155,1314,0.573690078090575
1268,1314,0.651122004593478
1277,1314,0.622256705119908
1313,1314,0.211141438512873
1285,1314,0.296950582970734
1272,1314,0.451040040503242
1124,1314,0.526933360883931
1291,1314,0.156629156154507
1303,1314,0.267889933595068
1307,1314,0.447952524736909
1136,1314,0.221552528254655
1242,1314,0.605396686982341
1281,1314,0.68161110928683
1161,1314,0.474859242137814
1103,1314,0.332651117869549
1163,1314,0.570744084089354
1179,1314,0.411997782951937
1106,1314,0.130519475106871
1276,1314,0.629210835335435
1112,1314,0.702576852854384
1116,1314,0.463208791575115
1188,1314,0.166671293120755
1279,1314,0.555374582995333
1110,1314,0.177938221044399
1104,1314,0.80656594669624
1251,1314,0.469795935180799
1228,1314,0.631184126221612
1211,1314,0.64771907885349
1219,1314,0.373888639013602
1235,1314,0.664349797727685
1120,1314,0.864903866982767
1257,1314,0.57775369595013
1211,1328,0.610231600376193
1219,1328,0.337084796630186
1213,1328,0.278420429918617
1266,1328,0.531022238706537
1196,1328,0.778745676382737
1181,1328,0.824767609425646
1280,1328,0.46638633926956
1242,1328,0.566420268851967
1281,1328,0.645757742779689
1106,1328,0.113335341897468
1313,1328,0.185608571447548
1208,1328,0.482950148037626
1277,1328,0.583800731464295
1314,1328,0.459900725797142
1268,1328,0.613780721698808
1104,1328,0.780247061673891
1285,1328,0.264520530580576
1155,1328,0.533992585183034
1251,1328,0.430035613544604
1179,1328,0.373681531838813
1163,1328,0.530996532052021
1228,1328,0.593042613092814
1303,1328,0.237561198445415
1246,1328,0.688891209738483
1161,1328,0.435021992049141
1279,1328,0.515412198744961
1110,1328,0.155628416395917
1103,1328,0.297974663281226
1252,1328,0.30539997289047
1276,1328,0.590997487971331
1136,1328,0.195071999072408
1307,1328,0.408616147057223
1124,1328,0.486776962725094
1116,1328,0.423560601779841
1188,1328,0.145524059772659
1235,1328,0.62761460143791
1140,1328,0.664641969529539
1257,1328,0.538129958267199
1120,1328,0.844997108229313
1222,1328,0.829469914789366
1112,1328,0.667934221492934
1272,1328,0.411634702109601
1166,1328,0.510544511136062
1270,1328,0.354303077517636
1291,1328,0.136547289487075
1196,1332,0.792981919279505
1213,1332,0.295735659790816
1246,1332,0.706731717156815
1155,1332,0.554977566817613
1120,1332,0.855760079014156
1251,1332,0.450888048839467
1188,1332,0.156365342678412
1179,1332,0.393688839921058
1281,1332,0.664868435062277
1104,1332,0.794412203785073
1277,1332,0.604205239960781
1328,1332,0.5211430325367
1140,1332,0.68323363457029
1228,1332,0.613294155223207
1285,1332,0.281308318201063
1314,1332,0.480979253637394
1136,1332,0.208702943515787
1242,1332,0.587074179285998
1291,1332,0.146834738844024
1219,1332,0.356247190627908
1208,1332,0.504099091227349
1313,1332,0.198741516637425
1279,1332,0.536507645665519
1161,1332,0.455922805923036
1272,1332,0.432271583837687
1276,1332,0.611284094652867
1166,1332,0.531659310793193
1307,1332,0.429212093338622
1103,1332,0.315973471352189
1110,1332,0.167075269722957
1303,1332,0.253227104473098
1163,1332,0.552003241069811
1112,1332,0.686429479129212
1181,1332,0.836663738580298
1266,1332,0.552028767693741
1124,1332,0.507928862111693
1211,1332,0.630161202337739
1106,1332,0.122121344184939
1270,1332,0.373892222748553
1116,1332,0.444343837107456
1235,1332,0.647169289013281
1268,1332,0.633637800710146
1280,1332,0.487493819500335
1252,1332,0.323640527286948
1257,1332,0.559082465698343
1222,1332,0.841108314623433
1181,1345,0.734153672665148
1252,1345,0.205070020187768
1268,1345,0.482518071416486
1251,1345,0.306848483201693
1163,1345,0.399141530150203
1303,1345,0.154558585794855
1106,1345,0.0697650206130273
1124,1345,0.357531765546885
1280,1345,0.338979229300403
1272,1345,0.291027210737732
1246,1345,0.565066929896838
1112,1345,0.54132251805173
1116,1345,0.301247947633027
1188,1345,0.0908470853667512
1211,1345,0.478787032564026
1270,1345,0.243540413447311
1276,1345,0.458818946296931
1103,1345,0.199383857215313
1166,1345,0.379656990432747
1213,1345,0.184598260564641
1208,1345,0.354020136673595
1228,1345,0.460922134590153
1120,1345,0.761823109645226
1140,1345,0.537643911549395
1281,1345,0.516807346163516
1104,1345,0.67566446785827
1314,1345,0.333159176638617
1279,1345,0.384256461319404
1161,1345,0.311186337978973
1196,1345,0.673747329730778
1277,1345,0.451455122834164
1219,1345,0.229789312702552
1257,1345,0.406037143477351
1291,1345,0.0849079595047636
1332,1345,0.350279407539654
1235,1345,0.497202097567205
1285,1345,0.17425123460312
1242,1345,0.433907023781411
1110,1345,0.0975885744937943
1328,1345,0.369773487303624
1313,1345,0.117949806659301
1266,1345,0.399166286284988
1307,1345,0.288459471619815
1155,1345,0.40203134710429
1136,1345,0.124490914243796
1179,1345,0.259293518704003
1222,1345,0.740522577698221
1277,1352,0.859189621177819
1211,1352,0.871967250210671
1314,1352,0.787419034784059
1196,1352,0.938690535399718
1279,1352,0.822276576678863
1166,1352,0.819411321932075
1242,1352,0.850361676966086
1303,1352,0.575440325134981
1208,1352,0.802493787621916
1276,1352,0.862744022711024
1313,1352,0.497844717276377
1285,1352,0.610062794174776
1163,1352,0.831223767269938
1251,1352,0.766468044187958
1235,1352,0.879973251134801
1222,1352,0.954871165619683
1104,1352,0.939191318704641
1281,1352,0.888014963673908
1272,1352,0.752682068098782
1345,1352,0.88115030718481
1280,1352,0.791752601840748
1112,1352,0.897434319328584
1116,1352,0.761697082886327
1332,1352,0.799882050948439
1103,1352,0.64867472648808
1179,1352,0.721863662862925
1270,1352,0.704746197286013
1213,1352,0.62664946986519
1106,1352,0.357338218400026
1161,1352,0.770084732967814
1136,1352,0.51319588940535
1124,1352,0.804910937537026
1155,1352,0.832905454494677
1266,1352,0.831238248104925
1307,1352,0.750352061168862
1219,1352,0.688661126548528
1328,1352,0.813084733714758
1110,1352,0.444988225150771
1120,1352,0.959537251069136
1140,1352,0.896063368203313
1268,1352,0.873626638102808
1188,1352,0.425565555595311
1257,1352,0.83520796482905
1252,1352,0.656664709507658
1228,1352,0.863743617826183
1291,1352,0.407553539276009
1181,1352,0.953432624278358
1246,1352,0.905946853989453
1246,1361,0.798842531510898
1163,1361,0.670021088957405
1270,1361,0.495989480650269
1112,1361,0.782958605479676
1155,1361,0.672676493333367
1181,1361,0.894081190529513
1332,1361,0.622344765120388
1219,1361,0.476971940643128
1352,1361,0.291926711388235
1272,1361,0.556488658112524
1166,1361,0.651654432556252
1161,1361,0.579993057762274
1268,1361,0.740269078307132
1179,1361,0.516913557489874
1257,1361,0.67632890593066
1103,1361,0.432213467461875
1106,1361,0.186489987617843
1140,1361,0.780431875967007
1208,1361,0.626190716582353
1228,1361,0.723260512016019
1104,1361,0.864272841144036
1211,1361,0.73738497941701
1188,1361,0.233972980938738
1285,1361,0.392105921339087
1252,1361,0.440883112926867
1120,1361,0.90720911318579
1242,1361,0.700859848299603
1303,1361,0.358481294040358
1116,1361,0.568555855366654
1110,1361,0.248433156807015
1276,1361,0.721562540406278
1213,1361,0.408982023010972
1196,1361,0.863244913362479
1277,1361,0.715557466189755
1136,1361,0.302958524131886
1280,1361,0.610514965258413
1124,1361,0.629770090848141
1307,1361,0.553406989767609
1291,1361,0.220950994511181
1345,1361,0.753491969805757
1266,1361,0.670043910565712
1235,1361,0.751407305674521
1313,1361,0.290147867098532
1314,1361,0.604294832077818
1279,1361,0.656064156496532
1328,1361,0.642018339943875
1281,1361,0.765770034041715
1251,1361,0.575036262545753
1222,1361,0.897155422119088
1179,1188,0.777938284135997
1112,1188,0.921940082774859
1103,1188,0.713651649324884
1140,1188,0.920867806839658
1106,1188,0.428746096105065
1136,1188,0.587287389096455
1161,1188,0.818876875754438
1166,1188,0.859643386410712
1181,1188,0.965079469781523
1104,1188,0.954229027917719
1110,1188,0.519746092454278
1124,1188,0.847773302614849
1116,1188,0.811834300464796
1155,1188,0.87060597898686
1120,1188,0.969705796878418
1163,1188,0.869244154975756
1213,1384,0.735178389414572
1257,1384,0.893422162098776
1222,1384,0.972219363108957
1136,1384,0.635522569682457
1279,1384,0.884426776194614
1361,1384,0.800469604515342
1140,1384,0.934466657462615
1219,1384,0.785338847775805
1103,1384,0.753321468529244
1163,1384,0.890661163941453
1281,1384,0.929156929587959
1285,1384,0.721268664898866
1120,1384,0.975138437786396
1104,1384,0.962329289261077
1251,1384,0.844442504254959
1277,1384,0.909846542326953
1270,1384,0.797894985662245
1246,1384,0.940939016174084
1280,1384,0.862795992010555
1112,1384,0.935367596282567
1116,1384,0.840933934573881
1352,1384,0.62320803210031
1211,1384,0.918463615467616
1314,1384,0.85967880365666
1235,1384,0.923816182410107
1332,1384,0.868612312924163
1272,1384,0.834264228791929
1208,1384,0.870472305843944
1242,1384,0.903839029422438
1307,1384,0.832531807092005
1303,1384,0.691527477474168
1161,1384,0.84709251782301
1124,1384,0.87219001147939
1228,1384,0.912928255574088
1268,1384,0.919575961823268
1328,1384,0.877972312428431
1106,1384,0.479075052839808
1166,1384,0.882420229394089
1179,1384,0.811059923524593
1345,1384,0.924600127753769
1291,1384,0.532229988541081
1313,1384,0.621181467431255
1110,1384,0.570096688535102
1181,1384,0.971317207397165
1188,1384,0.550630916314497
1155,1384,0.891827687805796
1196,1384,0.96201134877987
1252,1384,0.759812754166516
1276,1384,0.912252829570152
1266,1384,0.890671215853068
1213,1385,0.266014177019371
1112,1385,0.653900039522967
1257,1385,0.522531422812765
1116,1385,0.408346912198071
1266,1385,0.515399824994695
1140,1385,0.650541444024879
1251,1385,0.41475669064419
1222,1385,0.820427326763321
1313,1385,0.17632736302567
1124,1385,0.471148523938715
1285,1385,0.252516899983809
1179,1385,0.359143202991183
1163,1385,0.515374043521177
1272,1385,0.396554687696566
1352,1385,0.177582965463198
1106,1385,0.10719241867687
1208,1385,0.467332695215055
1270,1385,0.340109273360361
1166,1385,0.494888812316514
1235,1385,0.612864044931483
1277,1385,0.568507847434704
1219,1385,0.323235471479205
1332,1385,0.463253286447987
1314,1385,0.444388020040737
1103,1385,0.285041279525848
1281,1385,0.631303667980293
1252,1385,0.292278479847969
1307,1385,0.393572743862363
1328,1385,0.484347675507035
1268,1385,0.598832453025968
1196,1385,0.767766430679122
1155,1385,0.518379376633204
1161,1385,0.419696361025497
1345,1385,0.615516035554608
1279,1385,0.499759642319581
1384,1385,0.115474986459565
1291,1385,0.12932975873101
1211,1385,0.595236553156115
1188,1385,0.137907824275812
1242,1385,0.550979945809716
1104,1385,0.769320249615192
1181,1385,0.815531128304699
1276,1385,0.575776886286863
1228,1385,0.577843754366651
1303,1385,0.226404353870375
1361,1385,0.343718934995854
1120,1385,0.836615691680631
1280,1385,0.450837478664571
1136,1385,0.185425322941686
1246,1385,0.67531218784306
1110,1385,0.147574685851085
1246,1388,0.701380189452258
1251,1388,0.444537251664016
1112,1388,0.680874765767938
1235,1388,0.64128254721802
1181,1388,0.833123348595431
1104,1388,0.790185657197493
1384,1388,0.128484101959935
1163,1388,0.545643447734535
1257,1388,0.552741742131876
1110,1388,0.163531493046227
1352,1388,0.196038269990102
1328,1388,0.514730276591556
1270,1388,0.36789931945415
1208,1388,0.497678092049409
1188,1388,0.153007000825551
1277,1388,0.598046888619512
1281,1388,0.659121451334881
1106,1388,0.119394391496154
1303,1388,0.24840095253568
1213,1388,0.290414417204786
1332,1388,0.493579245265653
1155,1388,0.548625470756354
1279,1388,0.530115127674584
1361,1388,0.371637817602305
1291,1388,0.143646237491621
1211,1388,0.624155491044921
1276,1388,0.605163910100454
1307,1388,0.422931452856555
1272,1388,0.425979585408333
1136,1388,0.204492991316364
1280,1388,0.481079142078771
1219,1388,0.350378838139637
1161,1388,0.449559152014726
1120,1388,0.852560668586636
1103,1388,0.3104486041504
1314,1388,0.474570921267103
1228,1388,0.607185281353618
1179,1388,0.387575049320655
1313,1388,0.194683068411467
1268,1388,0.62765518693806
1385,1388,0.530354606479598
1252,1388,0.318043932312963
1345,1388,0.643852992301564
1266,1388,0.545669038478124
1116,1388,0.438011689597486
1242,1388,0.580834196311692
1222,1388,0.837645568484802
1285,1388,0.276144882136178
1196,1388,0.788733788184063
1124,1388,0.501508414546531
1140,1388,0.677648894272258
1166,1388,0.525259094397194
1112,1397,0.456865051056839
1120,1397,0.695098131893634
1314,1397,0.262586412942821
1332,1397,0.277589732735925
1303,1397,0.115278358151893
1106,1397,0.05074125245881
1103,1397,0.150742748333341
1104,1397,0.597553181750924
1228,1397,0.378653207179904
1281,1397,0.432567607162428
1270,1397,0.18663821973273
1208,1397,0.280889790401272
1313,1397,0.08701590837045
1140,1397,0.453193306846378
1285,1397,0.13074017267476
1110,1397,0.0715614401903698
1279,1397,0.307856817441579
1188,1397,0.0664854580103937
1136,1397,0.0920204937860288
1276,1397,0.376663118308986
1266,1397,0.321349308650413
1277,1397,0.369717058599944
1280,1397,0.267668475516739
1246,1397,0.480788044103272
1161,1397,0.243567977320599
1252,1397,0.15531082925588
1213,1397,0.138938238458079
1388,1397,0.28276963130378
1222,1397,0.670411926320779
1257,1397,0.327611058490785
1268,1397,0.39924931745226
1384,1397,0.0549303052100963
1181,1397,0.663105045179643
1352,1397,0.0877032539188717
1385,1397,0.308061717910428
1166,1397,0.303720755563894
1196,1397,0.595450777709866
1124,1397,0.283994929345083
1345,1397,0.416140433169018
1307,1397,0.224172303886972
1291,1397,0.0620303091213078
1179,1397,0.199682256663775
1242,1397,0.353299816654664
1272,1397,0.226349828676794
1235,1397,0.413423784552781
1163,1397,0.321326797646227
1219,1397,0.175355225163139
1328,1397,0.294874412442932
1211,1397,0.395669841689381
1251,1397,0.239844498039231
1116,1397,0.235052197522473
1361,1397,0.189085781410241
1155,1397,0.323956982523896
1314,1400,0.50469778996528
1124,1400,0.531615150134343
1268,1400,0.655378557097543
1277,1400,0.626663505277918
1397,1400,0.741036048523138
1246,1400,0.726010506882505
1242,1400,0.609876862964386
1219,1400,0.378298022218757
1280,1400,0.511217185916865
1384,1400,0.142603420778513
1345,1400,0.671002497823943
1270,1400,0.396362773739379
1276,1400,0.633584279802288
1222,1400,0.853386055924709
1163,1400,0.575341717533349
1235,1400,0.668527121453346
1361,1400,0.400207382233266
1179,1400,0.416557587225774
1313,1400,0.214288389454315
1388,1400,0.530112479694163
1188,1400,0.169297685147838
1211,1400,0.651994959261471
1213,1400,0.315878837994555
1228,1400,0.635547777105756
1136,1400,0.22481042980968
1285,1400,0.30088865682537
1120,1400,0.867084570201256
1307,1400,0.452603959837946
1104,1400,0.809480900840641
1251,1400,0.474479240343562
1196,1400,0.808130130126581
1279,1400,0.560009929469995
1166,1400,0.555203619515197
1352,1400,0.215743503744647
1161,1400,0.479547369789714
1155,1400,0.578279472744851
1303,1400,0.271591493050533
1116,1400,0.467884378422145
1181,1400,0.849223352907544
1103,1400,0.336835808731632
1328,1400,0.5447633344642
1252,1400,0.34475394736764
1272,1400,0.455697071134861
1291,1400,0.159127522217375
1281,1400,0.685675248416428
1385,1400,0.560246811187158
1110,1400,0.180703656881347
1140,1400,0.703408872631878
1112,1400,0.706488612113006
1257,1400,0.582331193280131
1332,1400,0.523710061832881
1106,1400,0.132666883140138
1266,1400,0.575366937313629
1208,1400,0.527798346207796
1280,1401,0.463575398486399
1266,1401,0.528207351045831
1277,1401,0.581052703071098
1352,1401,0.185204105598403
1303,1401,0.235520689834279
1251,1401,0.427268335445161
1208,1401,0.480129201110286
1196,1401,0.776792680767875
1397,1401,0.702770781400861
1361,1401,0.355388939452676
1246,1401,0.686464405847312
1188,1401,0.144124657726084
1281,1401,0.643168756891305
1179,1401,0.371040818347995
1270,1401,0.351722403638398
1235,1401,0.62497002448634
1116,1401,0.420804227886731
1228,1401,0.590312783725956
1163,1401,0.528181627188809
1385,1401,0.512829818541843
1332,1401,0.476037916942134
1112,1401,0.665423338200244
1272,1401,0.408900884872881
1104,1401,0.778303545867928
1314,1401,0.457095390265998
1268,1401,0.611098777484809
1276,1401,0.588263464561164
1136,1401,0.193303918426729
1222,1401,0.827865689825625
1242,1401,0.563643257436425
1155,1401,0.531179785893744
1103,1401,0.295616435562636
1252,1401,0.303008344163881
1161,1401,0.432246960860151
1279,1401,0.512589616154108
1291,1401,0.135220550068509
1400,1401,0.452435947741971
1166,1401,0.507720656005281
1213,1401,0.276156081684785
1285,1401,0.262328130569532
1106,1401,0.112204829510019
1384,1401,0.120822284646391
1388,1401,0.482447869768492
1313,1401,0.183906667498516
1328,1401,0.497175225003357
1124,1401,0.483954585048547
1181,1401,0.823128581154339
1219,1401,0.334564554403104
1120,1401,0.843511394518286
1257,1401,0.535320400507433
1110,1401,0.154149376938978
1211,1401,0.607540769329965
1307,1401,0.405888547339016
1345,1401,0.627589478266306
1140,1401,0.662118785093786
1242,1403,0.362742647861622
1384,1403,0.0571026082321585
1228,1403,0.388366728584051
1285,1403,0.13548071143107
1179,1403,0.206329228260152
1213,1403,0.143926815020289
1251,1403,0.247415079421459
1280,1403,0.275798662018563
1252,1403,0.160777498751616
1106,1403,0.0527571408443888
1268,1403,0.409143281331449
1166,1403,0.312478747858772
1208,1403,0.289262940472483
1104,1403,0.607392811794476
1120,1403,0.70373527327585
1103,1403,0.15607833922988
1140,1403,0.463392923346278
1110,1403,0.0743397115676123
1155,1403,0.333019409104195
1313,1403,0.0903357985835481
1281,1403,0.442678825711469
1136,1403,0.0955113474365078
1181,1403,0.672221107297934
1400,1403,0.266926113711366
1257,1403,0.33672479100351
1163,1403,0.330351600856207
1161,1403,0.251217247166594
1196,1403,0.605307858280087
1276,1403,0.3863573323993
1314,1403,0.270619278356766
1307,1403,0.231398786810018
1272,1403,0.233625368966413
1270,1403,0.192955671473213
1235,1403,0.42342143415938
1332,1403,0.285903621114972
1303,1403,0.119535358270505
1219,1403,0.181375927862674
1397,1403,0.510270005317215
1352,1403,0.0910467530284455
1222,1403,0.679425856344931
1112,1403,0.467076716822618
1328,1403,0.303488501136563
1246,1403,0.491050986612511
1188,1403,0.0690813245930496
1345,1403,0.42615604956322
1266,1403,0.330374436332148
1211,1403,0.405534980786158
1124,1403,0.292423001641848
1401,1403,0.305882256498787
1361,1403,0.195466170194969
1291,1403,0.0644642403211329
1388,1403,0.291176128272679
1385,1403,0.316887915808961
1279,1403,0.316679831567796
1116,1403,0.242519772241539
1277,1403,0.379341295392525
1277,1407,0.823167582390229
1235,1407,0.848329498904819
1103,1407,0.584822130930545
1388,1407,0.757794113646609
1397,1407,0.888090996415891
1345,1407,0.849763893036045
1270,1407,0.645515413412857
1116,1407,0.709176553932569
1268,1407,0.840612735311797
1246,1407,0.880218662294898
1257,1407,0.794518177606931
1385,1407,0.779403135032778
1136,1407,0.445758704464941
1313,1407,0.430640266635426
1384,1407,0.315656511545559
1328,1407,0.768446813501331
1196,1407,0.921139676429383
1332,1407,0.753048777433276
1188,1407,0.361101814251249
1281,1407,0.858149563065634
1242,1407,0.812573923155784
1400,1407,0.734978001688428
1291,1407,0.344183433037612
1252,1407,0.593353933708523
1266,1407,0.789814944147034
1155,1407,0.791788870122325
1401,1407,0.770451253757302
1161,1407,0.718730168650847
1361,1407,0.649177696893198
1280,1407,0.743626591587846
1106,1407,0.297850630312825
1208,1407,0.756085350032268
1314,1407,0.738622153341832
1403,1407,0.8839420979513
1228,1407,0.828654247255597
1279,1407,0.779237788094017
1222,1407,0.941664425139574
1124,1407,0.758899824644937
1276,1407,0.827448657048118
1179,1407,0.664431726816705
1352,1407,0.432755339786399
1285,1407,0.54412441706585
1211,1407,0.838599935208388
1307,1407,0.696328002429042
1219,1407,0.627907222374178
1272,1407,0.698959934564467
1303,1407,0.508365414542353
1110,1407,0.379526214627335
1140,1407,0.868025406423219
1181,1407,0.939831428501473
1166,1407,0.775867794524533
1112,1407,0.869712412556537
1213,1407,0.561499864163752
1251,1407,0.714605030503505
1120,1407,0.947621114365618
1163,1407,0.789797807755144
1104,1407,0.921771870261092
1281,1471,0.722903756848669
1417,1471,0.64395173383597
1213,1471,0.355753682523609
1124,1471,0.575801949379619
1403,1471,0.766599454159969
1463,1471,0.415860302566949
1291,1471,0.184552911617093
1423,1471,0.318670620823644
1400,1471,0.544614471789077
1313,1471,0.245949461881648
1285,1471,0.33981113949831
1155,1471,0.621200818869821
1196,1471,0.834358796175929
1384,1471,0.165909522247792
1328,1471,0.588669481618367
1242,1471,0.651520265861469
1188,1471,0.195969351510894
1401,1471,0.591402681608404
1352,1471,0.247551831884527
1429,1471,0.55905025569083
1166,1471,0.59884432433747
1252,1471,0.386216048135116
1222,1471,0.874389810681622
1314,1471,0.549270955071186
1140,1471,0.739335485991436
1163,1471,0.61836473711421
1433,1471,0.525746046652041
1462,1471,0.525061716102639
1106,1471,0.154641927302012
1276,1471,0.674049554952935
1257,1471,0.625107504197589
1332,1471,0.568036653698427
1303,1471,0.308395934113329
1266,1471,0.618389096543969
1270,1471,0.43986505694707
1280,1471,0.555720117436816
1388,1471,0.57432752949886
1277,1471,0.66749197153663
1272,1471,0.500314025675956
1307,1471,0.497194703879261
1345,1471,0.709231893389541
1120,1471,0.8863871531168
1435,1471,0.544475714165998
1397,1471,0.773870058898865
1228,1471,0.675907131050436
1181,1471,0.870733120573222
1104,1471,0.835562488695913
1268,1471,0.694597136540966
1136,1471,0.257516602759692
1235,1471,0.706918519990438
1458,1471,0.691448679439156
1103,1471,0.377894829890433
1407,1471,0.301304434285673
1251,1471,0.519181070030604
1110,1471,0.208720760674163
1179,1471,0.46058513395186
1385,1471,0.603745857456753
1246,1471,0.760132943649166
1211,1471,0.691417294498703
1208,1471,0.572055363291353
1361,1471,0.443821381378305
1116,1471,0.512570897620398
1279,1471,0.603515824905832
1459,1471,0.286466738402269
1161,1471,0.52425035374942
1219,1471,0.421201085777454
1112,1471,0.742178907073667
1281,1417,0.590577617576321
1161,1417,0.378603497191123
1280,1417,0.408843722865259
1352,1417,0.153908452066361
1166,1417,0.452170354384775
1181,1417,0.78833177265028
1251,1417,0.373835905096171
1155,1417,0.475542218741014
1196,1417,0.735805845338024
1104,1417,0.737500392690475
1397,1417,0.654241661136756
1106,1417,0.0918539440517104
1303,1417,0.197786494573156
1136,1417,0.160909862105647
1276,1417,0.533450160803469
1208,1417,0.424991529678548
1120,1417,0.81180778888294
1124,1417,0.428739905671822
1314,1417,0.40255464209184
1277,1417,0.52605285412229
1103,1417,0.251420474831747
1401,1417,0.44453163098264
1116,1417,0.367661241587745
1328,1417,0.441743367901836
1242,1417,0.508291977364701
1266,1417,0.472567295461376
1188,1417,0.118758824747243
1211,1417,0.553345241476067
1235,1417,0.57148372280471
1252,1417,0.258112218460935
1307,1417,0.35347964568474
1112,1417,0.61414441757026
1285,1417,0.221543624923328
1403,1417,0.644889713370215
1270,1417,0.302743548144602
1407,1417,0.192530386486907
1268,1417,0.557036347120321
1385,1417,0.457239728287368
1222,1417,0.793767337746291
1228,1417,0.535556904358455
1345,1417,0.574222246109985
1213,1417,0.233903407454388
1272,1417,0.356336314836481
1332,1417,0.420989610662501
1388,1417,0.427262765157795
1361,1417,0.306140618233121
1279,1417,0.457001138334823
1110,1417,0.127281585270728
1257,1417,0.479692891585093
1163,1417,0.472541567303026
1219,1417,0.286917534407977
1291,1417,0.111218191813783
1384,1417,0.0990828648330816
1179,1417,0.320702617543279
1400,1417,0.398043545741879
1246,1417,0.636649429507487
1313,1417,0.152789142564248
1140,1417,0.610629752610998
1188,1423,0.342585988958393
1242,1423,0.799891480476752
1120,1423,0.943440763699911
1196,1423,0.915035343024664
1251,1423,0.697759151495223
1268,1423,0.829429310602674
1124,1423,0.743730886987764
1307,1423,0.678888072056876
1166,1423,0.76143080864024
1252,1423,0.57362136093327
1407,1423,0.479709616696735
1112,1423,0.860231282670008
1110,1423,0.360598872841556
1401,1423,0.755775197008855
1222,1423,0.937040257674079
1246,1423,0.871389020915656
1277,1423,0.811035273757105
1116,1423,0.692148289398993
1179,1423,0.646091005565406
1388,1423,0.742579206720667
1384,1423,0.298382646471269
1235,1423,0.837582907182505
1417,1423,0.79452911752496
1228,1423,0.816814602838682
1285,1423,0.523919695102444
1155,1423,0.778084082991634
1213,1423,0.541416206678168
1352,1423,0.412940101525751
1314,1423,0.722643697122899
1266,1423,0.776016984100152
1181,1423,0.935071980717396
1403,1423,0.87534805913387
1345,1423,0.839099658501358
1270,1423,0.626721644930964
1397,1423,0.879762391828321
1106,1423,0.281150850895439
1211,1423,0.827304296148969
1385,1423,0.765124933324178
1103,1423,0.56497908274956
1281,1423,0.847974079037655
1163,1423,0.775999041808986
1400,1423,0.718861565578655
1332,1423,0.737638982380173
1303,1423,0.488066929282271
1276,1423,0.815544251954929
1104,1423,0.915711995165783
1140,1423,0.858441493550629
1361,1423,0.63046694085002
1280,1423,0.727841339632731
1279,1423,0.764952111739911
1161,1423,0.702026251497889
1291,1423,0.326092340168406
1328,1423,0.753683575034088
1136,1423,0.42579499435587
1219,1423,0.608745744552098
1257,1423,0.780943336511193
1208,1423,0.740799817473111
1272,1423,0.681602041659744
1313,1423,0.410851729462745
1268,1429,0.642077329276553
1235,1429,0.655466595601658
1181,1429,0.841595547413494
1277,1429,0.612908579668126
1276,1429,0.619929690747698
1163,1429,0.561020484311023
1219,1429,0.364669650535577
1208,1429,0.513230281036828
1403,1429,0.72149710690654
1314,1429,0.490105549246856
1188,1429,0.161245828957138
1266,1429,0.56104590571019
1110,1429,0.172221794416926
1106,1429,0.126092755035022
1136,1429,0.21480106648436
1257,1429,0.568068714444752
1361,1429,0.386280125554283
1246,1429,0.71424679687513
1313,1429,0.204623842376627
1388,1429,0.515550278200665
1166,1429,0.540745355785555
1124,1429,0.517057092364421
1112,1429,0.694239728208131
1384,1429,0.135613890029607
1140,1429,0.691087661662975
1352,1429,0.206030538770224
1417,1429,0.587889869658108
1397,1429,0.729677254570159
1211,1429,0.638635144136224
1116,1429,0.453382221677555
1252,1429,0.331689291817094
1272,1429,0.441259413008654
1222,1429,0.845930635658464
1242,1429,0.595902280057517
1385,1429,0.545818375449934
1251,1429,0.459949361382691
1423,1429,0.269493021618834
1303,1429,0.260198397835258
1104,1429,0.800315283335569
1270,1429,0.382483991015537
1332,1429,0.509133171054723
1228,1429,0.62192269560536
1179,1429,0.402443116425619
1401,1429,0.533066307892666
1161,1429,0.464999617324113
1213,1429,0.303401750887387
1196,1429,0.798915671570754
1281,1429,0.672959853959757
1328,1429,0.530252835946037
1400,1429,0.485410471886368
1280,1429,0.496625448775436
1279,1429,0.545580025624055
1120,1429,0.860211626166222
1285,1429,0.288753759779436
1307,1429,0.438185407391334
1345,1429,0.657989608523468
1103,1429,0.32392287890471
1291,1429,0.151471164739484
1407,1429,0.253808463386263
1155,1429,0.563982230963442
1124,1435,0.531754456228472
1179,1435,0.416693565939782
1268,1435,0.655504906846054
1397,1435,0.741143397447125
1116,1435,0.468023671638504
1403,1435,0.733183347385123
1228,1435,0.635677355765311
1140,1435,0.703525578900917
1213,1435,0.315999751804161
1104,1435,0.80956716840668
1332,1435,0.523849613224903
1388,1435,0.530251837798985
1120,1435,0.867149035393729
1136,1435,0.224907944232637
1285,1435,0.301006357283993
1277,1435,0.626794387808429
1257,1435,0.582467262439197
1106,1435,0.132731272680672
1407,1435,0.265130989395445
1314,1435,0.504837645009963
1252,1435,0.34488034210516
1313,1435,0.214382602023449
1246,1435,0.726121782371725
1112,1435,0.70660461199893
1166,1435,0.555341778053352
1291,1435,0.159202397052463
1384,1435,0.142671839687742
1328,1435,0.544902077705389
1279,1435,0.560147777838835
1235,1435,0.668651087768909
1222,1435,0.853456042150356
1276,1435,0.633714154228996
1352,1435,0.215838180318662
1163,1435,0.5754784037641
1303,1435,0.271702187101682
1429,1435,0.514729275646487
1361,1435,0.400341685961379
1281,1435,0.685795815720594
1401,1435,0.547702650616008
1385,1435,0.560384643600827
1103,1435,0.336960793352769
1345,1435,0.671125993797782
1242,1435,0.610009968089498
1208,1435,0.527937779468481
1196,1435,0.808216864416568
1188,1435,0.169376381465145
1211,1435,0.652121891065418
1251,1435,0.474618745706174
1266,1435,0.575503621416082
1417,1435,0.602090498603607
1219,1435,0.378429612404601
1280,1435,0.511356982403313
1181,1435,0.849294975291835
1307,1435,0.452742574485772
1270,1435,0.396496640164184
1433,1435,0.481184150339275
1155,1435,0.578415906271922
1400,1435,0.500139867759362
1423,1435,0.281251517149286
1161,1435,0.479687005114494
1272,1435,0.455835844232374
1110,1435,0.180786501280951
1208,1433,0.546655526915122
1211,1433,0.66900279217841
1106,1433,0.141641412748365
1112,1433,0.721968897406778
1345,1433,0.687526590259373
1104,1433,0.820906199744778
1332,1433,0.542589015477312
1140,1433,0.718986980135706
1222,1433,0.862625225680949
1196,1433,0.819618383022354
1235,1433,0.685117197808769
1257,1433,0.600658349235186
1166,1433,0.573850026821469
1277,1433,0.644233817529986
1285,1433,0.317082665390921
1401,1433,0.566280535681452
1266,1433,0.59378651428256
1219,1433,0.396296596608483
1361,1433,0.418546584224299
1179,1433,0.435102513202485
1385,1433,0.578842175010473
1242,1433,0.627767934505861
1213,1433,0.332495923942588
1246,1433,0.740838869053219
1110,1433,0.192207610211952
1307,1433,0.471456903360358
1181,1433,0.858681403981741
1303,1433,0.286855691220014
1279,1433,0.57860777590081
1388,1433,0.548956221187501
1103,1433,0.353984908647823
1423,1433,0.296720625134615
1400,1433,0.518955517876814
1268,1433,0.672304138540953
1161,1433,0.498500562397481
1188,1433,0.180235250767564
1417,1433,0.619984426578204
1276,1433,0.651010269503895
1270,1433,0.414647593328043
1314,1433,0.523644885624468
1407,1433,0.280058932005307
1136,1433,0.238305577561276
1251,1433,0.493422029605169
1116,1433,0.486807772261962
1429,1433,0.533507979187637
1124,1433,0.550449733634176
1163,1433,0.593761616074983
1252,1433,0.362086069709716
1228,1433,0.652931539063745
1328,1433,0.563503318980814
1120,1433,0.875586350908131
1272,1433,0.474567156533928
1155,1433,0.596661275812658
1384,1433,0.152132226761508
1281,1433,0.701789911028577
1403,1433,0.747652847172102
1313,1433,0.227337144778339
1280,1433,0.530147063406554
1291,1433,0.169542139450138
1397,1433,0.755325279254988
1352,1433,0.228855057344049
1435,1458,0.347844738037752
1219,1458,0.245132101842676
1345,1458,0.52117625775049
1401,1458,0.392424156708488
1279,1458,0.404496396003008
1417,1458,0.44661840165676
1104,1458,0.693954744146655
1155,1458,0.422565015453461
1103,1458,0.21325861853834
1110,1458,0.105311368073354
1388,1458,0.375810001352288
1352,1458,0.128016328048232
1277,1458,0.472518376276364
1136,1458,0.134026465596287
1285,1458,0.186785091423911
1307,1458,0.306162441973606
1116,1458,0.31938347217708
1423,1458,0.172674687969066
1161,1458,0.329637915334104
1332,1458,0.369804514763905
1268,1458,0.503699807869482
1222,1458,0.756473578084126
1181,1458,0.750364208187019
1120,1458,0.776859256282909
1196,1458,0.692096451570512
1276,1458,0.479925178202233
1246,1458,0.585770464050846
1228,1458,0.482038939581809
1179,1458,0.275900602645703
1280,1458,0.358221735104591
1188,1458,0.0980943751583298
1163,1458,0.419631179399994
1314,1458,0.352247356035136
1281,1458,0.537929604795755
1235,1458,0.51838271195447
1257,1458,0.426629435611667
1303,1458,0.165960642949757
1328,1458,0.389733411875474
1272,1458,0.308819371271408
1140,1458,0.558633209764753
1106,1458,0.0754701069128451
1242,1458,0.454830403720814
1124,1458,0.377226419199007
1252,1458,0.21923211985229
1266,1458,0.419656318784286
1291,1458,0.0917292612396335
1407,1458,0.161380155371316
1400,1458,0.347971664162716
1384,1458,0.0815253689264744
1112,1458,0.562280779051606
1313,1458,0.127057043523186
1208,1458,0.373633848036316
1433,1458,0.330964634414974
1397,1458,0.604294983189704
1166,1458,0.399811965589061
1361,1458,0.262586535309027
1270,1458,0.259492015912388
1251,1458,0.325164270147254
1429,1458,0.361330908067472
1403,1458,0.594429555649959
1385,1458,0.404728005799497
1211,1458,0.499963224234156
1213,1458,0.197698188624665
1246,1459,0.887555883042471
1252,1459,0.610487187526435
1242,1459,0.823222559539644
1332,1459,0.766105876332176
1222,1459,0.945470947539684
1181,1459,0.943750413265656
1429,1459,0.759495405941756
1303,1459,0.526220286207565
1400,1459,0.748671677684181
1403,1459,0.891079462334382
1279,1459,0.791293956481874
1120,1459,0.951059151021203
1166,1459,0.788057946978697
1270,1459,0.661703958093592
1401,1459,0.782853552006437
1155,1459,0.803332597197471
1163,1459,0.801424239174133
1211,1459,0.848046416033264
1361,1459,0.665285715156061
1291,1459,0.360500219754922
1314,1459,0.752191022065392
1385,1459,0.791452690225329
1116,1459,0.723702219478817
1435,1459,0.748566391625003
1281,1459,0.866633804581802
1433,1459,0.734130646729719
1384,1459,0.331304109605363
1257,1459,0.805947670786085
1458,1459,0.848065371306674
1104,1459,0.926775488951046
1140,1459,0.876004311463541
1161,1459,0.732958342552936
1352,1459,0.450387413004648
1112,1459,0.877603706313035
1228,1459,0.838570778575822
1307,1459,0.711234102691207
1345,1459,0.858667087464057
1213,1459,0.579023018280768
1179,1459,0.680184400626114
1208,1459,0.769031139218624
1285,1459,0.561800043722281
1110,1459,0.396505498583508
1106,1459,0.313019294549093
1397,1459,0.895003517846396
1124,1459,0.771741332036397
1277,1459,0.83333778673116
1407,1459,0.517870550826416
1272,1459,0.713789944597333
1313,1459,0.448254262792145
1188,1459,0.377758661590324
1388,1459,0.770676717496415
1196,1459,0.926180493113093
1266,1459,0.801440666028542
1328,1459,0.780926615823612
1423,1459,0.538105665622555
1136,1459,0.46348768656162
1268,1459,0.849962487407473
1219,1459,0.644456989929843
1235,1459,0.857303423148283
1276,1459,0.837421272017937
1103,1459,0.602073780578768
1280,1459,0.757021128318827
1417,1459,0.818343419923854
1251,1459,0.728963185228352
1257,1462,0.601316462184178
1385,1462,0.579511072160769
1136,1462,0.238804089160898
1403,1462,0.748170277158296
1407,1462,0.280612609490812
1384,1462,0.152486560437925
1161,1462,0.499186660400388
1279,1462,0.579276774744837
1307,1462,0.472140822394168
1155,1462,0.597321559920282
1417,1462,0.620630805903584
1345,1462,0.688115877963222
1252,1462,0.362720211794357
1272,1462,0.47525153048929
1401,1462,0.566954457971208
1433,1462,0.500686101349854
1235,1462,0.685708952207045
1112,1462,0.722519445998139
1328,1462,0.564178235421506
1332,1462,0.543270059356682
1280,1462,0.530830613962018
1266,1462,0.594448305751473
1270,1462,0.415313857659931
1277,1462,0.644862577046996
1285,1462,0.317677240839518
1313,1462,0.227819574219959
1219,1462,0.396953370456811
1400,1462,0.519640597490856
1291,1462,0.169928895903816
1120,1462,0.875885004576079
1211,1462,0.669610226240264
1110,1462,0.19263407738577
1397,1462,0.755832114929409
1314,1462,0.524329408210998
1222,1462,0.862950122470733
1276,1462,0.651633528854982
1103,1462,0.354612749749231
1181,1462,0.859014103630192
1251,1462,0.494108024589442
1213,1462,0.333105303952414
1104,1462,0.821309325030056
1423,1462,0.297293640455066
1106,1462,0.141975403623586
1166,1462,0.574521024666438
1246,1462,0.741365437625883
1268,1462,0.672908476243253
1163,1462,0.594423420401117
1459,1462,0.266405358520826
1388,1462,0.549635653703473
1124,1462,0.55112875597659
1179,1462,0.435777176145448
1435,1462,0.519500944014609
1140,1462,0.719541139664445
1281,1462,0.702363944577435
1242,1462,0.628409009620518
1429,1462,0.534190936356794
1361,1462,0.419214626715344
1303,1462,0.287417441468619
1188,1462,0.180641094205291
1352,1462,0.229339751838295
1458,1462,0.669642769387824
1196,1462,0.820023771547541
1228,1462,0.653553193195359
1208,1462,0.547335567339409
1116,1462,0.487493420813353
1155,1463,0.697292709741081
1277,1463,0.738203901779064
1268,1463,0.761603535088809
1213,1463,0.436826471547259
1208,1463,0.652496879358548
1106,1463,0.204426095961031
1112,1463,0.8017257140163
1400,1463,0.626849474556767
1235,1463,0.772108513429648
1140,1463,0.799361478198691
1429,1463,0.640399666633715
1103,1463,0.46040744893826
1397,1463,0.827795718464656
1291,1463,0.241218707469267
1403,1463,0.821859830989675
1303,1463,0.38512799146827
1124,1463,0.65596275429273
1272,1463,0.5844447982986
1257,1463,0.700792621448177
1136,1463,0.327585572805796
1252,1463,0.46917531457486
1161,1463,0.607512569103937
1116,1463,0.59630315124266
1251,1463,0.60265805248093
1166,1463,0.677092692251968
1196,1463,0.876167806771207
1179,1463,0.545326101135976
1285,1463,0.419617159332811
1307,1463,0.581411265519895
1423,1463,0.39649352550393
1188,1463,0.255044139660013
1104,1463,0.877112426643489
1280,1463,0.637285290731111
1417,1463,0.71755145044924
1313,1463,0.314202966393361
1270,1463,0.524500621069448
1120,1463,0.916379969613779
1332,1463,0.64876977124624
1361,1463,0.528499938778749
1345,1463,0.774071776233374
1246,1463,0.816557980784384
1211,1463,0.758879174119075
1401,1463,0.670303440585048
1276,1463,0.743901984483185
1242,1463,0.724225478020444
1459,1463,0.36058733617556
1219,1463,0.505486281971601
1385,1463,0.681546569530165
1163,1463,0.694746382749069
1222,1463,0.907218299558092
1388,1463,0.65459982219062
1314,1463,0.631234447694223
1433,1463,0.608941757405695
1279,1463,0.681337863367255
1228,1463,0.745511772634337
1181,1463,0.904412819024671
1435,1463,0.626718599839938
1281,1463,0.785616446053933
1110,1463,0.270346977953936
1384,1463,0.21838401190406
1352,1463,0.316063623407158
1462,1463,0.60828803204927
1407,1463,0.377234464060688
1328,1463,0.667801562040421
1266,1463,0.69476827334551
1458,1463,0.75890609024402
