TeamName,ADJOE,ADJDE,BARTHAG,Record,Wins,Games Played,EFG%,EFGD%,FTR,FTRD,TOR,TORD,ORB,DRB,,2P%,2P%D,3P%,3P%D,,,,,3PR,3PRD,ADJ T.,,,,,,,,WAB,,
"UC Santa Barbara",106.87144444444,97.660611111111,0.7381694632901,0–3,0,3,45.5,50.9,27.7,52.1,15.5,20.2,26.2,34.3,65.8,41.8,52.7,34.8,31.4,11.6,12.3,48.6,52,35.1,31.3,64.7,,,,2015,,,,-0.83005481488576,75,76.5
"Arkansas Pine Bluff",69.541196551856,105.99796204526,0.0077887461571282,0–2,0,2,37.5,66.2,33.3,46.5,31.1,23.7,23.3,37.3,67.5,31,53.1,31.6,60,7.8,15.5,53.3,89.1,39.6,35.4,67.8,,,,2015,,,,-0.51724906608923,59.4,60.9
Toledo,111.87472222222,100.80572222222,0.76819063129926,0–3,0,3,51.4,53.2,28.6,50.6,21,16.3,26.9,35.8,71.4,47,52.6,40,36.2,8.6,10.4,37.2,59.8,34.3,33.3,69.4,,,,2015,,,,-0.75933183342368,70,75
Indiana,115.03972315028,103.81920126049,0.76498472087771,2–9,2,11,49.2,52.5,26.4,39.4,18.5,14,32.8,34.4,67.5,44.4,53.7,38.1,33,6.4,16.4,43.3,46.5,38.2,28.6,68.2,,,,2015,,,,-1.5062744240738,73.6,69.5
Brown,119.40666666667,89.4695,0.96508596773514,1–0,1,1,52.7,42.9,43.6,33.3,18.7,17.2,29.4,36.6,69.7,43.8,47.7,43.5,21.1,9.1,21.9,54.2,52,41.8,30.2,68.8,,,,2015,,,,0.72298537262629,79.2,61.9
"Wright St.",88.304655699987,119.17933863099,0.030824956566652,0–1,0,1,35.7,71.1,10,40.4,19.3,16.5,31.4,24,72.6,33.3,64.9,25.8,55,0,23.1,66.7,57.1,44.3,35.1,71.1,,,,2015,,,,-0.21826524092873,71.4,82.6
"UC Irvine",101.47683333333,85.862166666667,0.87230596275567,0–2,0,2,44.4,45.9,21.6,42.3,18.1,22.4,23.2,36.8,65,43.2,46.8,31.4,29.4,5.2,11.1,52.2,63,30.2,30.6,63.1,,,,2015,,,,-0.4352163306514,72,80.9
Montana,99.293666666667,85.107333333333,0.85482274885871,0–1,0,1,50,41.7,20.7,46.7,22.5,15.9,16.1,23.3,60.4,51.5,30.3,32,37,12.1,15.2,36,45,43.1,45,61.8,,,,2015,,,,-0.36359139951453,75,78.6
UAB,86.923666666667,91.341055555556,0.36122406727129,0–3,0,3,39,51.2,27.7,46.1,26.7,18.7,28.3,38.1,66.1,45.4,53.3,19,31.7,9.5,13.4,54.5,61.3,37.4,36.4,67,,,,2015,,,,-0.68203279377441,62.8,63.2
Tulane,94.183181818182,77.23375,0.90734657309571,1–0,1,1,40.4,44,23.1,26,26.7,16.7,40,19.4,59.9,40,56.4,27.3,0,0,20,55.6,40.9,42.3,22,64.5,,,,2015,,,,0.66305875151927,66.7,38.5
FIU,94.117214928726,100.62289752953,0.31677186232101,0–1,0,1,41.7,64.3,33.3,26.8,33.9,27.1,35.9,32.1,73.8,38.5,66.7,33.3,40,2.8,23.1,55,65.6,27.8,35.7,73.1,,,,2015,,,,-0.1786244536687,66.7,66.7
BYU,115.31326666667,98.35058,0.8617392657615,1–4,1,5,45.6,54,34.3,48.3,14,16.2,29.5,29.9,69.7,40.3,53,37.7,37.5,7.4,11.3,46.5,54.3,32.4,30.3,71.1,,,,2015,,,,-0.47748021403025,69.6,65.7
"Illinois Chicago",74.472533102651,83.781438829287,0.20513845137252,0–1,0,1,32,57.3,10.9,70.7,18.4,28.3,19.1,21.7,70.6,25.6,52.8,28,60,8.3,20.5,58.8,63.6,39.1,12.2,72.1,,,,2015,,,,-0.29793230869707,71.4,69
Xavier,113.14755306366,92.445727751722,0.91083039789928,5–6,5,11,49.3,49.2,37.1,37.5,18.6,16,26.4,26.1,63.9,48,48.6,34.8,33.3,7.1,11.3,61,58.8,31.3,38.7,64.5,,,,2015,,,,1.8258461009464,70.2,68.3
Charlotte,116.82608333333,107.74175,0.71726104858841,0–2,0,2,54.9,56.2,54,44.6,14.5,18.7,27.1,39.7,72.2,57.7,51.4,33.3,42.6,5.4,9.9,56.4,67.2,37.2,38.8,71.1,,,,2015,,,,-0.58471947115788,65.6,68.5
"Wake Forest",100.92842453008,98.678540905748,0.56445365191003,0–11,0,11,45.5,54.6,33.8,37,21.1,16,25.9,28.5,69.2,47.9,53,27.4,38.9,6,11.5,60,53.2,34.6,30.2,69.4,,,,2015,,,,-2.9287731126025,60.4,71.3
"Florida Atlantic",93.570264040627,93.777711148174,0.4936334679492,0–1,0,1,45.1,47.5,16.4,39.3,20.4,20.4,18.4,35.9,73.6,48.8,49.1,25,25,7.5,19.5,40,53.6,32.8,13.1,73.7,,,,2015,,,,-0.33309758354862,60,66.7
"Robert Morris",97.939363479038,108.18908776393,0.24147358054122,0–2,0,2,38.8,53.9,36.7,49.2,20,15.9,29.9,49.3,72.5,36,60,28.9,26.3,8.9,17.3,52.5,71.9,37.5,29.7,70,,,,2015,,,,-0.38347188150163,72.7,71.4
Villanova,125.52576815594,94.96198683195,0.96116766055646,8–1,8,9,55.9,48.2,41.6,29.6,17,17.7,29.2,33.6,63.4,54.2,45.8,38.5,35.7,10.5,10.8,65.1,50.7,47.9,31.4,63,,,,2015,,,,4.8956334787577,72.9,74.3
Howard,76.129633518849,107.64780006301,0.018272568555274,0–1,0,1,30.2,53.4,33.3,42.4,24.1,18.5,40,36.1,70.4,35.6,50,11.1,39.1,8.3,11.1,27.8,48.1,28.6,39,72.7,,,,2015,,,,-0.33837398365698,52.4,84
"Utah St.",96.823900900901,90.32277027027,0.68982456452963,1–1,1,2,44.1,50.9,25.5,17.4,24,22.4,25.7,32.4,62.6,34.3,39.7,43.8,46.3,10.3,11.4,73.7,60.9,31.4,37.6,65.2,,,,2015,,,,0.34733633167741,53.8,63.2
"Portland St.",82.987768257313,97.426054915673,0.13650755291208,0–1,0,1,28.8,53.9,43.9,20.3,12.2,14.9,26,25,74,28.3,47.4,20,42.3,10.5,26.1,35.3,65.5,30.3,40.6,71.8,,,,2015,,,,-0.35220760476255,72.4,92.3
Denver,98.060583333333,97.31425,0.52195103103359,0–2,0,2,51.8,52.7,14.1,62.2,18.8,19.8,10.6,21.7,53.2,53.5,49.1,33.3,42.1,5.5,14,59.5,48.6,49.4,25.7,56,,,,2015,,,,-0.79906304162478,83.3,78.3
"Cal St. Northridge",98.181046189885,102.08925155777,0.38962375776639,0–4,0,4,38.8,55.9,39,43.2,23.2,19.4,30.4,35.6,71.1,40.1,54.2,19.2,39.1,6.3,12.7,57.1,64,11.7,38,70.9,,,,2015,,,,-0.90291305312816,73.6,68.7
Maryland,112.24531527541,92.725423496364,0.89998043026887,6–5,6,11,47.9,49.8,39,34.7,17.6,17.3,26,31.2,63,43.5,49.2,36.5,33.8,9.7,12.7,47,52.3,39,35.5,63.8,,,,2015,,,,2.8878379481188,78.8,65.4
Rice,102.497,94.02,0.72963056891451,0–1,0,1,50,46.2,12,52.8,25.6,25.6,27.6,51.4,62.6,52,47.6,32,27.3,2.4,12,52.4,60.9,50,20.8,64.8,,,,2015,,,,-0.24173915326984,83.3,60.7
"Abilene Christian",73.121364346991,115.96909744542,0.0049478774410741,0–1,0,1,25.5,69.2,10.9,11.5,15.8,21.1,25.6,45,56.9,13.9,65.6,31.6,50,0,16.7,36.4,54.8,34.5,38.5,58.2,,,,2015,,,,-0.36359139951453,83.3,83.3
Rider,91.979641150746,113.32401840293,0.083183025493827,0–2,0,2,35.7,62.6,26.2,37.4,16.3,17.9,36,32.7,64.3,37.5,61.5,20.6,42.9,4.6,10.2,32.5,65.5,27.9,39.3,63.8,,,,2015,,,,-0.46225196023316,56.3,75
"Boston College",111.6349002485,104.42704885308,0.68299445236677,0–10,0,10,48.6,55.6,27.2,40.6,16.7,15.1,26.1,34.3,63,48.6,54.3,32.4,39.3,5.7,13,55.5,55.2,38.8,28,62.3,,,,2015,,,,-2.9961631906276,72.1,71
Arizona,118.08477350427,88.225202991453,0.96618223894355,6–0,6,6,47.6,45.5,54.4,42.5,16.3,19.4,35.9,28,64.1,49,42.8,28.4,33.6,11.9,9.6,42.3,46.7,21.1,34.7,65.4,,,,2015,,,,4.0409968408918,72.3,71.8
"Penn St.",103.57203296687,92.638006846396,0.78296514064229,1–8,1,9,46.2,47.5,29,48.3,16.1,16.1,25.5,31.9,66.1,47.3,46.8,29.3,32.7,7.4,9.5,39,53.1,32.5,31,67,,,,2015,,,,-1.5989309354915,67.8,72.7
Hawaii,106.78858333333,94.354083333333,0.80591146145143,0–2,0,2,46.8,50.4,34.4,53.4,18.2,20.8,24.7,35.6,72.9,42.9,52.9,36.6,31.3,11.4,9.5,56.9,65.4,32.8,40.7,70.9,,,,2015,,,,-0.58092467609998,74.4,81
"San Diego",97.371585483871,95.626339605735,0.55181099925032,0–6,0,6,45.1,53,27.4,43.9,18.9,18.9,24.1,34.6,62.7,42.7,48.9,32.8,42.7,8.1,13.1,54.8,53.1,37.4,27.1,62,,,,2015,,,,-1.7566794052272,56.3,65.4
LSU,117.76220838664,91.012338289505,0.95088514461993,4–1,4,5,54.2,44.4,29,30.9,22.8,17,35.8,35.9,70.3,49.3,46.8,45.9,25.8,6.9,13.9,50.7,56.1,24.9,28.7,69.5,,,,2015,,,,2.6255697806952,69.8,70
"St. Francis NY",94.811993176135,98.905593016504,0.38081189000527,0–1,0,1,36.6,54.1,23.9,41,23,13.5,41.5,28.1,74,32.7,58.8,31.6,20,13.7,11.5,52.2,59.4,26.8,16.4,74.4,,,,2015,,,,-0.25458525536658,58.8,68
"Fresno St.",88.354863890489,97.659628264373,0.24022241278835,0–2,0,2,38.3,47,31.6,54.5,22.3,23.1,25.8,42.2,62.9,37.5,45.5,27.8,33.3,9.1,10,28.6,39,18.4,33.3,65.5,,,,2015,,,,-0.65266366832259,77.4,66.7
UMKC,88.997487453332,97.654849343589,0.25586765806154,0–1,0,1,48.1,52.7,11.3,33.9,24.3,21.2,19.4,40.6,65.9,46.9,59.4,33.3,29.2,3.1,9.4,50,69.2,39.6,42.9,61.2,,,,2015,,,,-0.21568387804148,83.3,73.7
Baylor,116.41155631937,92.980603593813,0.92985866940042,6–6,6,12,48.1,48.9,31.6,34,19.4,18.7,38.5,31.8,63.3,42.4,48.8,39.1,32.8,10.6,13.1,51.4,68.2,34.7,37.2,61.3,,,,2015,,,,2.1023783199274,69.6,72.7
"Oral Roberts",94.801864118647,109.86555065194,0.1550034454576,0–1,0,1,39.2,59.4,16.7,5.8,27.8,8.8,37.2,24.2,68.3,31.7,63,36.8,34.8,4.3,14.6,60,51.4,31.7,33.3,65.7,,,,2015,,,,-0.16902480953392,60,75
Winthrop,111.8015,111.61383333333,0.50482979394452,0–1,0,1,44,57.6,27.6,76.1,15.5,15.5,26.3,36,64.6,38.7,54.2,33.3,40.9,4.2,22.6,47.6,68.2,46.6,47.8,65.1,,,,2015,,,,-0.30590886508351,68.8,82.9
"Northern Illinois",100.33359501753,104.746323337,0.37872345004823,0–2,0,2,39.7,60.5,30.2,34.5,21.3,20.5,41.7,43.1,63.5,34.7,63.1,31.8,37.8,3.1,22.2,51.3,60.3,37.9,40.9,64.1,,,,2015,,,,-0.34968226277728,65.7,73.7
"Georgia Tech",100.24290482163,89.464363918924,0.78721061903064,1–7,1,8,43.2,52.1,26,26.2,19.7,15.6,31.4,27,62.2,43.8,53.5,27.5,32.6,7.2,8.4,45.8,54.9,22.8,29.3,62,,,,2015,,,,-0.96725097985743,62.9,65.3
"Kent St.",103.623,97.308833333333,0.67326723972666,0–1,0,1,46.6,53.3,23.7,36.1,17.1,21.4,23.7,40.5,70.1,44.7,53.2,33.3,35.7,12.8,21.1,70.8,56.7,35.6,23,67.7,,,,2015,,,,-0.17991490142615,50,59.1
"High Point",82.209492356406,115.1603622621,0.020309844615641,0–1,0,1,35.7,69.6,12.5,50,23.3,18.9,17.1,50,68.8,38.9,62.8,20,61.5,4.7,8.3,61.1,54.3,35.7,23.2,67.4,,,,2015,,,,-0.21826524092873,42.9,67.9
"Weber St.",79.105863091974,113.80101815614,0.015036241636369,0–1,0,1,34,61.3,53.2,24.2,32.6,12.8,32.4,22.6,70.5,21.1,64,28.6,33.3,4,21.1,75,50,59.6,19.4,67.8,,,,2015,,,,-0.16902480953392,76,60
Maine,98.098068693013,120.86249301608,0.083181337669138,0–1,0,1,43.5,78.9,25.9,28.1,24.6,16.4,15.6,20,73.1,48.5,80.5,23.8,50,2.4,9.1,52.4,70.7,38.9,28.1,74.3,,,,2015,,,,-0.21894556171415,71.4,56.3
Radford,89.386873418858,103.04195428706,0.16316466015271,0–1,0,1,41,54.5,18,35.7,26.6,20.3,22.6,46.9,63.9,41,55.6,27.3,35,13.9,12.8,31.6,70.4,22,35.7,64.3,,,,2015,,,,-0.25458525536658,88.9,75
Kansas,113.12439275103,90.161803016649,0.93144781688801,9–6,9,15,47.4,44.3,39.2,32.6,19.2,16.5,33.8,35.2,66.7,42.2,43.6,39.9,30.5,9.4,13.8,53.9,46.8,29.2,31.7,66.2,,,,2015,,,,4.5977488113607,72.4,71
SMU,100.8305,92.002111111111,0.74149199481265,0–3,0,3,47.2,50.9,21.7,37.7,26,18.6,36.6,34,62.9,45.8,47,34.1,36.8,10.8,9.2,56.5,67.2,25.5,47.8,63.5,,,,2015,,,,-0.80048114399526,62.9,66.7
Richmond,108.48238400901,98.579167792793,0.75042311431937,1–3,1,4,50,51.9,25.9,39.1,15.7,14.5,22.8,27.2,62,50,50.4,33.3,36.8,5.8,11.9,46.2,40,36.8,32.9,62.5,,,,2015,,,,-0.15815795172147,74.5,74.1
Providence,112.01826480995,94.482694596807,0.87629686699047,5–7,5,12,47.4,49.8,39.1,42.9,19.8,17.1,33,31.9,64.1,47.9,48.3,30.9,35.1,11.8,11.1,51.8,55.6,29.8,35.2,64.1,,,,2015,,,,1.8129684674959,71.2,72.3
Louisville,108.65472581353,87.476118196956,0.92367134337885,4–7,4,11,42.7,46.8,35.5,37.2,18.1,18.7,34.5,32,61.9,43.9,46,26.9,32.4,10.8,9,45.3,55.4,34.2,30.2,61.8,,,,2015,,,,1.0244117392313,65.7,72.3
Davidson,121.96377777778,107.25538888889,0.81425213669335,0–3,0,3,47.6,49.7,19.6,40.7,15.9,11.9,30.3,43.1,67,43.3,49.6,34.8,33.3,7.4,19.6,63.5,57.6,48.7,28.6,66.9,,,,2015,,,,-0.65731143531434,78.4,72.7
"St. Bonaventure",101.66294871795,83.711538461538,0.90328678876773,1–0,1,1,45.5,47.3,32.1,21.4,19.3,17.7,46.9,27,62.1,48.8,38.2,23.1,40.9,26.5,7,50,81.8,23.2,39.3,60,,,,2015,,,,0.6698657842087,61.1,66.7
"North Florida",102.42504535735,96.973261980756,0.65226352388226,1–2,1,3,50.3,47.2,31.4,32.4,22.6,19.2,24.8,38.1,67.7,44.6,43.5,38.8,35.9,7.8,17.4,59.7,69.9,42.1,35.8,70,,,,2015,,,,0.31077369187871,64,81
"Missouri St.",96.573498195777,111.2109127765,0.16480148777862,0–4,0,4,39.8,51.9,34.4,19.3,18.8,13.1,24.4,44.1,57.3,39,45.8,28,42.2,8.4,6.6,50.7,56.6,26.9,34.9,61.5,,,,2015,,,,-1.2559730924321,67.2,76.1
Vanderbilt,106.65958985507,95.119496756384,0.78865658080399,0–5,0,5,46.9,49.8,28.8,47.4,22.5,21.2,29,38.8,63.2,45.6,43,33,44.4,11.7,18.9,50.5,55,35,28.7,63.6,,,,2015,,,,-1.3959546498934,73.3,69.7
"Washington St.",105.72936838309,104.66227689946,0.5291308137278,0–7,0,7,48.3,55.4,41,36.2,19.2,12.8,22.5,31.4,66.8,46.8,55.6,33.8,36.6,6.6,11.3,60.9,50.5,38.5,30.1,67,,,,2015,,,,-1.8946197722346,63.5,70.9
Memphis,100.63896036036,103.08771531532,0.43131970011118,0–5,0,5,43.9,52.9,28.2,44.1,20.6,17.9,30.4,40,64.9,43.9,51.6,29.2,37.5,9.4,8.3,47.7,58.1,26,29.4,67.2,,,,2015,,,,-1.4924163876686,61.5,71.7
"Murray St.",95.514333333333,109.5035,0.17195678206645,0–1,0,1,43.5,52,21,24,18.3,18.3,23.7,65.9,70.9,46.7,54.5,23.5,30,9.1,8.9,44,63.9,27.4,26.7,70.2,,,,2015,,,,-0.22811144801038,61.5,61.1
"Notre Dame",127.70093737202,100.13104732456,0.94250970006889,7–3,7,10,53.4,53.4,39.9,26.1,14.7,16,29.7,37.7,62.4,52.1,53.9,37.1,34.9,8.3,8.1,50.2,48.8,38.2,29.8,61.6,,,,2015,,,,4.6585935237623,74.3,68
Creighton,108.51494259447,98.419556956982,0.75453661567285,2–9,2,11,47.1,50.6,34.6,37.3,20.9,16.1,33,30,63.1,46.4,49.3,32.1,35.2,6.6,12,58.6,59.9,40.1,36,62.8,,,,2015,,,,-1.4987101127637,70.3,74.2
Duke,127.12479764499,93.817902372859,0.97051244830088,9–3,9,12,55.6,49.7,40.8,26.4,16.7,15.5,34,32.1,66,53.7,49.1,39.9,34.1,7.5,11.6,50.2,51.5,31.2,28.5,66.2,,,,2015,,,,6.1522886580611,68.8,69.4
"Indiana St.",97.72763838552,98.777919461956,0.46930580566733,0–5,0,5,42.3,49.1,38.9,37.3,21.1,16.6,25.1,35.3,62.7,42.1,46.6,28.4,36.6,7.9,6.6,51.6,45.8,38.5,30.3,66.6,,,,2015,,,,-1.7600378999164,68.8,74.3
UCLA,103.27545378148,96.67207626137,0.68132421268379,2–8,2,10,41.6,52.4,32.4,33.7,18.1,16.8,30.2,33.1,65.6,40.4,51.5,30,35.9,8.4,10.5,42.1,59.4,26.4,39,65,,,,2015,,,,-0.33444510647752,64.1,72.6
Pacific,114.71678039986,116.39257108015,0.45840197721602,0–3,0,3,44.3,65.6,33,36.2,15,12.8,36.6,35.4,62.3,39.1,60.8,36.1,49.2,4.9,11.3,44.8,57.6,34.7,37.4,60.4,,,,2015,,,,-0.7636313875067,63.8,79.7
"Texas A&M",106.31696938776,94.69978952381,0.79095656724148,1–4,1,5,45.4,48.9,34.9,45.1,22.7,18.7,37.7,33.7,66.4,42.6,47.1,35.5,34.5,7.5,18.1,47.1,67.5,26,38.7,65.9,,,,2015,,,,-0.24202093878142,64.7,62.5
"North Texas",112.78252564986,113.61681926565,0.47882352413048,0–2,0,2,49.1,54.5,36.3,45.9,15.6,15.6,24,47.3,67.5,39,50,47.2,40.4,7.1,16.9,57.4,66.1,31.9,42.6,65.5,,,,2015,,,,-0.637314733782,56.1,76.8
Nevada,81.195643843212,105.59169582524,0.046474671888559,0–2,0,2,35.9,56.1,28.1,21.7,27.4,14.1,27.5,22.2,63.9,36,54.5,23.8,39.5,9.1,14.7,37.5,54.4,21.9,33,66.6,,,,2015,,,,-0.65266366832259,74.1,64
Hartford,95.058691626888,96.873970136069,0.4458289544605,0–1,0,1,53.6,63.7,3.6,16.1,22.9,18.6,9.7,29,69.9,55.2,62.5,34.6,43.3,6.3,10.3,68,45.5,47.3,48.4,71,,,,2015,,,,-0.15294670256471,50,80
"Mississippi Valley St.",75.288501056278,108.37585794487,0.014932115322514,0–2,0,2,32.1,66.4,19.8,45.1,18.5,22.5,22.3,46.9,75.7,34.7,71.8,16.7,39.2,1.4,8.4,43.6,63.4,27.5,41.8,71.8,,,,2015,,,,-0.55159908568554,53.8,67.3
"Gardner Webb",124.08276607575,108.96666518917,0.81666714163801,1–2,1,3,55.3,57.2,24.9,26.4,15.5,17.3,22,44.2,73.3,53.9,56.2,37.9,40,2.1,8.8,62.5,53.8,46,27.4,70.7,,,,2015,,,,0.27152955190137,57.4,71.7
"Prairie View A&M",80.065934526628,87.483870731408,0.26523283608472,0–2,0,2,37.4,47.5,22.6,65.7,21.4,22.9,23.8,36.5,67.6,39.7,55.2,21.6,24.4,3.4,11.5,56.4,42.9,32.2,41.4,69.6,,,,2015,,,,-0.52011977210152,42.3,61.5
Chattanooga,83.035111468621,95.395527322582,0.16856472168309,0–2,0,2,38.8,53.5,25.2,50.4,22,14.7,12.5,35.8,68.1,36.1,50,28.6,41.9,9.8,4.9,47.1,57.4,40.8,27.4,71.9,,,,2015,,,,-0.28665035710282,50,66.7
"Northern Arizona",88.923466644276,113.37444553021,0.057672123532597,0–1,0,1,44.4,73.1,19,35.2,22.1,22.1,31.1,25,72.4,37.2,82.9,40,36.8,2.9,18.6,50,61.1,31.7,35.2,71.7,,,,2015,,,,-0.22811144801038,33.3,73.7
Nebraska,105.34475414544,101.15209654532,0.61468532232613,1–7,1,8,45.7,52,29.9,51.2,16.4,16,25.8,34.8,61.7,49.1,47.4,26.2,39.7,7.9,10.1,39.7,54.4,34.4,37.4,63.2,,,,2015,,,,-1.2022093884585,66.7,73.4
Yale,102.73027777778,107.77472222222,0.36557052879101,0–3,0,3,45.3,58.6,25,49.7,22.8,16.9,30.9,32.6,62.2,45.5,59.6,30.1,37.7,4.8,16.2,53.7,57.3,42.4,33.8,63.1,,,,2015,,,,-0.91981113911258,72.1,66.7
"Tennessee Martin",76.283976835623,95.431091096726,0.070743285448913,0–1,0,1,35.4,54.9,16.7,23.5,24.9,26.5,20.6,48,60.3,40,61.3,15.4,30,3.2,8.6,43.8,32,27.1,39.2,61.3,,,,2015,,,,-0.21894556171415,37.5,66.7
"Morehead St.",109.28291666667,107.29525,0.55257756219308,0–2,0,2,52.4,54.3,27.2,58.7,23.9,20.2,28.6,39.7,66.9,47.8,50,41.2,41.7,7.4,18.8,53.2,65.3,33,34.6,68.7,,,,2015,,,,-0.55520648940946,78.6,70.5
Tennessee,113.59973188569,101.17548235489,0.79116860744465,3–6,3,9,49.3,54.5,24.4,48.1,17,23.1,31.7,38.4,61.1,48.7,54.8,33.8,36.1,12.6,11.5,38,70,30.2,44.4,60.5,,,,2015,,,,0.14510266347278,66.4,69.6
"Texas St.",59.874067958748,89.010977010741,0.010354389057779,0–1,0,1,23.5,61.9,19.6,23.8,14,33.2,15.9,36.4,57.3,23.1,58.6,16.7,46.2,3.4,15.4,45.5,65.2,23.5,31,59.3,,,,2015,,,,-0.24173915326984,30,70
"Jackson St.",84.125880560696,107.52195650618,0.056153241717912,0–1,0,1,32,59,35.9,52.5,15.9,13.2,22.4,31.4,75.6,32.5,58.5,20.8,40,9.8,17.5,22.2,50,37.5,32.8,75.8,,,,2015,,,,-0.30043353447863,73.9,65.6
Mississippi,122.74556007752,96.587284330011,0.94026056592012,3–3,3,6,49.6,46.9,36,47.3,18.6,14,35.8,32.9,67.7,46.4,44.9,39.1,33.3,10.2,12.6,44.6,63.4,26.1,38.5,66.3,,,,2015,,,,1.3511364184591,78.7,71.1
Wyoming,98.285352941176,98.130334640523,0.50453798242741,1–2,1,3,43.9,49.6,17.9,32.4,18.5,16.1,14.6,32.1,55.8,49.3,46.4,26,37.8,4.1,17.9,69.2,56.5,52.1,31.7,58.4,,,,2015,,,,-0.023398829957602,64,76.1
Minnesota,112.48465262745,99.907635374692,0.79633813607831,2–9,2,11,49.1,55.8,32.4,41.8,16.4,20.7,29.8,34.1,65.6,48.8,53.2,33.2,40.2,7.7,14.7,44,67.4,32.4,37.5,66.3,,,,2015,,,,-1.2058433407441,67.8,73.4
Illinois,103.45732597735,90.11146198642,0.8303748536245,2–7,2,9,42,50.2,30.7,42.3,17.1,19.6,27.9,31.7,62.9,42.2,51,27.7,32.5,5.8,9.2,44,52.2,36,35.4,64.1,,,,2015,,,,-0.17805031856841,72.2,69.6
LIU,94.125666666667,90.966833333333,0.59689921753713,0–1,0,1,33.8,50,12.7,31.5,15.6,15.6,40.4,25.8,64.2,30,55.8,28.6,18.2,0,28,61.9,26.9,29.6,20.4,62.2,,,,2015,,,,-0.32244392282876,55.6,70.6
UTEP,105.1935,87.77175,0.88916211025599,1–1,1,2,49.5,51.9,40.7,39,22.8,19.1,31,23.5,68.1,47.4,46.7,36.7,43.3,8,5.1,52.1,52.1,27.8,28.6,66.9,,,,2015,,,,0.39279140907868,56.8,58.5
"Loyola Chicago",96.174986861264,101.5508645642,0.34853372539909,0–6,0,6,47.8,57.7,19,34,24.7,16.7,20.9,31.9,57.9,39.4,57.7,40.4,38.4,4.9,12.7,58.7,62.8,39.8,38.1,62,,,,2015,,,,-1.730332080712,69.2,61
Texas,110.28125386666,98.410967836455,0.78745282625006,2–11,2,13,45.9,47.1,25.3,41.4,19.1,12.3,35.2,33.5,64.5,44.3,41.6,32.6,40.6,19.3,9.8,53.6,53.9,35.4,28.9,63,,,,2015,,,,-1.8874601555255,72,71.4
"Maryland Eastern Shore",90.688374166921,121.97899099727,0.032020765127356,0–2,0,2,43.5,65.3,62.4,33.1,30.7,14.6,24.2,39.3,68.3,38.8,68.7,33.3,40.7,3,20.4,51.6,57.4,42.4,44.6,67.2,,,,2015,,,,-0.43275993779349,67.9,72.5
"Fairleigh Dickinson",92.990085754638,98.345699848927,0.34435344034214,0–2,0,2,42.9,57.6,25,37.1,17.9,18.7,26,35.8,64.2,38.5,64.4,35.3,28.1,0,21.8,47.6,46.4,30.4,30.5,63.7,,,,2015,,,,-0.47539062539347,46.4,71.8
Cornell,78.716331417904,92.580295050088,0.13405221208952,0–1,0,1,38.2,51.9,9.1,21.2,28.4,22.1,32.4,26.7,63.3,45.5,52.5,18.2,33.3,7.5,15.2,68.4,64,40,23.1,61.9,,,,2015,,,,-0.31779652901492,40,63.6
"West Virginia",108.96147456547,97.528205274819,0.78156446099874,3–8,3,11,43.4,55.2,35.7,61.7,21,22.7,40.1,30.4,67.2,40,55.2,32.4,36.8,8.1,14.8,58.1,55.8,39,31.2,66.6,,,,2015,,,,-0.4221085118776,64.1,73
Oklahoma,111.48569190138,89.049660933395,0.92982952686646,6–6,6,12,46.5,47.6,32.4,28.3,19.2,17.6,32.1,30.9,68.1,46.4,44.6,31.1,35.5,9.7,10.2,48.6,48.5,35,35.2,67.5,,,,2015,,,,2.3580878049024,79.2,71.3
"Southern Illinois",95.234712526907,97.770228420617,0.42502719872952,0–5,0,5,40.9,56.1,27.4,38.4,21.9,16.1,32.2,20,58.6,38.8,56.6,31.3,36.9,8.3,11.2,39.8,64.6,25.4,36.7,62.4,,,,2015,,,,-1.5474884484092,68.1,72.7
"San Diego St.",104.94573739837,89.862350406504,0.85623812774637,2–3,2,5,44.5,45.5,36.8,36.8,22,18.7,39.5,35.5,60.5,47.1,40.2,25.8,36.7,12.8,14.7,39.8,47.2,31.8,35.4,61,,,,2015,,,,0.366661512369,61.2,75.5
DePaul,114.77511942962,106.08771045807,0.71200626788272,1–8,1,9,52.2,56.6,31.8,54.3,18.2,19,21.8,39.2,64.9,47.6,57,39,37.2,9.8,9.5,53.6,55.9,42.1,32.7,64.7,,,,2015,,,,-1.6801683217507,72.2,73.2
"UT Rio Grande Valley",94.747148382043,111.52256467281,0.13300173939197,0–1,0,1,38.9,68.2,51.1,77.3,25,21.9,25.7,40.9,64,43.3,58.1,20,61.5,0,23.3,62.5,61.5,33.3,29.5,67.8,,,,2015,,,,-0.12880007424099,56.5,73.5
"Chicago St.",77.955880318447,105.00245249085,0.031518100668046,0–1,0,1,35.5,71.7,7.3,41.5,24.7,15.5,21.1,33.3,64.7,37.5,60.7,21.7,56,7.1,9.4,41.2,71,41.8,47.2,65.7,,,,2015,,,,-0.15294670256471,75,63.6
"South Dakota",111.47186339093,111.21013574019,0.50675781181087,0–1,0,1,45.1,45.1,41,90.2,13.1,14.5,31.7,46.7,68.9,40.5,44.7,36.8,30.8,5.3,11.9,50,47.6,31.1,25.5,68.4,,,,2015,,,,-0.34602586197435,72,82.6
"Montana St.",87.517704233893,114.08180589461,0.045288381006821,0–2,0,2,37.9,56.3,15.8,51.1,28.3,12.5,27.2,42.3,76,38.2,57.8,25,35.6,7.8,23.7,52.5,64.7,36.7,33.3,75.6,,,,2015,,,,-0.38913122739357,78.9,68.1
"Oklahoma St.",107.80538434329,91.819733341914,0.86362783288784,4–7,4,11,46.9,48,32.7,45.3,18,20.8,24.6,34.3,64.9,45.5,44.6,32.9,37,14.2,12.6,51.7,52.7,35.6,31.4,63.4,,,,2015,,,,0.64166718121704,73.6,69.3
Wagner,82.627576589876,107.25143706302,0.047445146396749,0–2,0,2,31.5,59,24.2,80.9,20.4,21.2,37,34.6,66.1,31.8,60.9,20.5,36,7.8,21.2,40,43.8,31.5,28.1,68.8,,,,2015,,,,-0.64285011356424,60,68.1
Wofford,94.514791666667,97.687666666667,0.40619488622328,1–3,1,4,42.1,54.4,30.7,43.4,21.3,17.3,25.7,29.7,63.5,38,54.4,33.8,36.2,3.8,10.9,54.1,52.4,32.2,22.9,62.2,,,,2015,,,,-0.0026718908790374,69.4,74.2
"Cal Poly",91.858833333333,85.620833333333,0.69183880140859,0–1,0,1,42.5,51.1,20.8,43.5,26.1,26.1,36.1,40,61.4,47.4,48.5,20,38.5,9.1,7.9,19,47.6,28.3,28.3,61.2,,,,2015,,,,-0.21788590802943,45.5,80
Towson,89.2753722205,119.15917320538,0.034876357558346,0–1,0,1,40.9,65.7,36.4,27.5,29.3,20.7,39.3,42.3,58.1,56.3,58.6,0,50,6.9,3.1,22.2,64.3,27.3,43.1,58.4,,,,2015,,,,-0.25458525536658,62.5,78.6
"Delaware St.",100.67036032856,106.63568270414,0.34028647356497,0–2,0,2,47.5,55.1,27.9,30.4,23.2,17.3,30.8,42.1,75.3,41.3,46.9,38.3,50,9.2,16,36.7,66.7,38.5,29,71.4,,,,2015,,,,-0.6464561827813,73.5,71.4
"Norfolk St.",92.20032523144,101.61402880721,0.24638126611917,0–4,0,4,34.5,53.2,23,36.4,20.6,15.6,35.8,37.1,60.7,30.6,46.8,27.8,43,14.2,20.4,50.7,79,35,35.9,63.5,,,,2015,,,,-0.96368995224118,71.2,63.8
"UNC Wilmington",83.398583333333,86.972583333333,0.3816481458075,0–2,0,2,38.1,41.3,23.7,31.1,26.8,19,32.6,40.9,71,36.7,42.7,28.6,25,11.5,11.1,41.5,46,23.7,27.3,69.4,,,,2015,,,,-0.50875866946,57.1,75.6
Presbyterian,85.615579530315,127.99103994149,0.0097174276415097,0–1,0,1,35.6,72.5,21.2,23.2,25.2,13.4,21.6,56.7,67.4,42.5,68.4,8.3,51.6,2.6,10,38.9,71.4,23.1,44.9,65.9,,,,2015,,,,-0.06549216387944,63.6,81.3
Michigan,109.98765624911,99.932546805532,0.75073502020501,1–11,1,12,47.4,56.3,23.7,32.8,15.8,17.7,23,35.7,59.1,47,58.7,32,34.6,4,10.1,45.4,54.7,39.1,35.1,59.6,,,,2015,,,,-2.3127947614653,73.3,68.5
"East Carolina",93.702015791953,107.95550578647,0.16405052022064,0–3,0,3,37.3,58.8,20.5,35.4,17.7,14.2,28.2,38.5,67.9,36.1,61.6,26,31.4,2.1,14.8,44.1,59.4,41.6,19.3,68.2,,,,2015,,,,-0.76376018331285,73.7,64.1
Northwestern,105.43628673542,100.7529739948,0.62773310907927,1–9,1,10,47.7,51.7,24.7,34.2,19.4,13.3,25.3,33.9,58.9,44.8,48.5,35.1,38.5,9.9,10.3,60.3,58.9,37.1,35.1,60.9,,,,2015,,,,-1.873786699062,76,66.8
"Eastern Illinois",84.62,78.391,0.70667869444077,0–1,0,1,32,43.1,21.3,29.4,13.8,29.1,25,40,65.2,34.1,50,17.6,15.4,13.2,18.2,38.9,47.6,27.9,25.5,70.3,,,,2015,,,,-0.33694124848073,76.9,66.7
Buffalo,103.707,84.953,0.9083723849317,0–2,0,2,39.5,46.7,39,30,20.3,17.2,25,43.7,64,32.9,47.5,42.9,30,7.5,20.3,31.4,56,21,33.3,67.7,,,,2015,,,,-0.1129606651758,74.4,75
"Northern Kentucky",64.958240519133,78.005383684231,0.10862320065946,0–1,0,1,28.3,53.2,9.4,42.6,17,15.3,14.6,24.1,58.9,32.4,63.3,12.5,23.5,3.3,13.5,28.6,56.5,30.2,36.2,64.5,,,,2015,,,,-0.067704795388669,20,60
Elon,93.258788236359,85.214285937261,0.73834914961115,0–1,0,1,46.6,54.5,13.6,48.2,25.9,23.2,22.9,38.2,73.3,50,65,26.3,18.8,0,12.5,44,48.3,32.2,28.6,71.7,,,,2015,,,,-0.06549216387944,87.5,51.9
"Cleveland St.",99.679555555556,98.913055555556,0.52217859333691,0–3,0,3,41,47,18.6,50.7,18.9,13.8,30,33.3,58.2,37.1,46.8,31.3,31.5,3.2,23.7,48.2,52.5,39.8,36.5,59.4,,,,2015,,,,-0.61612359351874,60,64
"Mississippi St.",91.392263888889,97.646368097643,0.3183849800652,0–4,0,4,41.6,54.3,44.7,22.2,25.4,16.7,24,28,62.9,40.1,53.1,31,37.8,6.8,18.2,45.6,60.4,23.5,33.5,62.9,,,,2015,,,,-1.0837098887582,63.8,67.3
"St. John's",114.99669917123,98.524621883326,0.85543301261846,4–7,4,11,48.3,53.2,33.3,38,15.9,18.4,24.7,39.8,67.3,46.6,53.9,34.7,34.6,13.3,8.6,45.9,56.6,30.9,32.8,67.1,,,,2015,,,,0.90398040830096,70.7,66.4
"Long Beach St.",107.3692962963,101.44922222222,0.65751334963205,1–8,1,9,50.1,54.3,23,39.7,22.2,17.9,28.4,33.8,68.1,46.8,54.9,36.9,35.3,7.4,14.6,52.3,56.1,38.7,33.1,67.2,,,,2015,,,,-1.5711728446359,66.1,72
Samford,65.608157947161,102.52163051262,0.0058625068195904,0–1,0,1,25,64.9,16.7,66,17.1,22.9,26,27.6,70,26.1,65.4,15,42.9,7.7,19.6,60,80.8,30.3,44.7,69.9,,,,2015,,,,-0.30653261123888,63.6,61.3
"Eastern Washington",116.34691666667,106.93358333333,0.72516680060278,1–1,1,2,53.7,53.9,34.4,38.8,18.2,16.8,40,37.1,68.6,57.1,52.4,32.7,38.2,11,8.6,38.6,62.5,42.6,29.3,68,,,,2015,,,,0.36615248365887,59.5,84.4
"Kansas St.",105.45509945008,93.564549920189,0.79831359742119,5–7,5,12,46,49.1,35.7,36.2,18.9,18.2,29.5,33.8,63.4,46.7,48.3,29.3,33.8,5.7,13.8,56.7,54.4,23.8,32.8,62.1,,,,2015,,,,1.4307639741961,68.4,67.7
Pepperdine,107.55288030303,93.124837878788,0.83976485924625,1–4,1,5,47.2,51.1,32.2,34.8,18.2,17,31,36,63.6,51.3,50.8,25.3,34.5,5.6,8,52.1,57.4,30.7,30.9,62.5,,,,2015,,,,-0.17825285574869,66.7,59.2
Charleston,81.62391448871,101.45609318859,0.07576750702079,0–3,0,3,37.9,51.8,23,50.3,24.5,17.5,24.6,35.2,66.6,36.1,50.9,28.6,35.8,6.4,15.1,54.5,72,26.1,32.5,64.2,,,,2015,,,,-0.9680234251745,59.5,67.1
"Grambling St.",71.243366956654,106.31398601233,0.0099184173796469,0–2,0,2,36.3,64.4,28.4,32.4,26.4,16.8,24.6,32.8,62.6,34.3,67.9,28,40.4,0,14.3,29,76.3,26.3,48.1,63,,,,2015,,,,-0.45947931380359,55.6,68.6
"Texas Southern",98.912168802613,104.08566896142,0.35748579083228,1–5,1,6,45.2,58,37.7,29.7,22.7,18.3,31,39.9,63.5,47.3,55.5,27.2,42.5,6.3,15.5,48.4,59.3,33.2,30.8,64.3,,,,2015,,,,-0.39487385911767,57.3,62.7
"Central Connecticut",94.369224731528,114.91981519141,0.094001613821077,0–1,0,1,39.2,63.5,15.4,28.6,22.5,14,31.7,40,71.2,36,62.5,33.3,43.5,0,18,17.4,42.9,23.1,36.5,71.7,,,,2015,,,,-0.30590886508351,60,72.2
VMI,101.09658168721,106.51654519853,0.35421189141297,0–2,0,2,50.4,58.3,14.2,33.1,32.3,17.3,37,37.2,83.7,54.1,59.1,31.5,36.7,6.1,23,51.8,49.4,54.5,20.7,81.7,,,,2015,,,,-0.74427288400741,73.7,60.4
Auburn,108.38133703505,102.32189048571,0.65962446165204,3–4,3,7,46,52.9,46.4,41.5,17,18.6,24.4,36.4,69.7,40.8,53.7,37.2,33.9,6.4,14.5,41.1,51.8,34.3,28.5,69.9,,,,2015,,,,1.0398695337862,65.4,78.5
"New Orleans",86.49626795076,99.18279412393,0.17165717670582,0–1,0,1,40.4,61.3,17.6,45.3,13.2,19.1,31.8,31.3,68.1,47.3,68.8,7.7,33.3,9.4,12.7,33.3,51.7,19.1,39.6,65.8,,,,2015,,,,-0.33591520764407,33.3,58.3
Columbia,117.66233333333,87.955666666667,0.96598476230846,0–1,0,1,45.8,38.3,8.3,28.3,19.6,7.8,31,52.5,51,43.5,46.5,32,11.8,4.7,26.1,33.3,50,52.1,28.3,52.2,,,,2015,,,,-0.045255869787133,50,58.8
"IU Indy",85.646848893684,93.53123512243,0.26644697248266,0–2,0,2,41.8,58.6,24.7,57,32.4,24.8,31.7,34,66.4,44.8,56.5,23.3,41.9,0,17.9,51.4,62.5,30.9,33.3,66,,,,2015,,,,-0.53464405924926,79.2,64.2
"Western Carolina",122.41726037594,115.63754278629,0.65818336942034,0–1,0,1,59.6,64.9,29.8,91.5,19.5,25.1,27.6,56.5,71.8,55,60.7,47.1,47.4,7.1,10,53.3,57.7,29.8,40.4,73.3,,,,2015,,,,-0.35767167728595,64.7,88.4
"Eastern Kentucky",109.83095915705,93.488155941871,0.86444831289746,1–2,1,3,48.8,58.4,21.4,32.5,19.1,25.1,27.8,33.3,66.4,44.1,59.3,36.3,38.2,7,15.1,52.9,70.1,46.2,44.2,65.5,,,,2015,,,,0.32696082643306,75.7,72
Penn,87.107152980095,90.422478943192,0.39422907101571,0–2,0,2,41.6,54.3,23.8,43.3,26.6,17.2,24.6,32.3,64,43.5,54.1,25,36.7,8.1,11.6,52.6,72.5,31.7,28.8,64.8,,,,2015,,,,-0.6242852371983,54.2,62.2
"South Carolina St.",106.51985925573,109.54794847328,0.42010184028455,0–1,0,1,39.7,52.6,22.4,31.6,9.6,19.2,22,45.2,62.4,30.6,51.2,36.4,37.5,7.3,16.7,52.6,44.4,37.9,28.1,69.5,,,,2015,,,,-0.095867075068342,69.2,83.3
"Stony Brook",100.12588888889,105.30944444444,0.35882664818255,0–3,0,3,38.9,52.1,25.3,58.9,18.8,13.5,35.3,30,69.1,35.6,47,30.6,43.5,5.1,17.4,53,65.3,32,28.2,70.5,,,,2015,,,,-0.94705345940306,65.3,69.8
Evansville,85.842086963384,88.124473958333,0.42512481534838,1–3,1,4,36.9,51.1,37.2,34.7,21.6,18.7,22.5,19.8,61.4,39.5,48.7,17.9,36.4,13.3,15.1,52.2,53,20.4,40.5,65.9,,,,2015,,,,-0.25597309243206,73.2,69.7
Virginia,118.35444170763,89.188342664984,0.96280711098358,8–3,8,11,51.5,46.8,34.9,30.6,17.2,16.3,32,28.5,59.3,50.6,45.7,35.8,32.7,9.4,7.8,53,51.9,28,33.9,58.3,,,,2015,,,,5.0720982762142,70.7,67.8
UCF,103.05482193006,111.18725710491,0.29453094193346,0–2,0,2,41.6,67,19.3,42,20.2,20.2,34.2,38,64.3,41.8,61.9,27.5,62.5,3.6,11.4,43.2,64.5,33.6,16,67.4,,,,2015,,,,-0.6348735571778,73.9,57.1
"Charleston Southern",79.164435122239,111.63028082937,0.01885115847113,0–1,0,1,32.2,55.5,33.9,13.7,20.6,14.7,32.6,46.3,68.1,42.1,58.7,9.5,33.3,4.3,26.3,61.1,38.9,35.6,37,68.3,,,,2015,,,,-0.30043353447863,60,50
"Northern Iowa",119.1049268018,95.051043918919,0.930493453185,2–2,2,4,58,47.3,37.3,29.6,18.2,15,18.9,30.1,59.1,54,44.9,43.5,34.1,7.2,10.5,38.1,57.6,35.8,38.9,59.8,,,,2015,,,,0.72333632842958,68.1,76.1
"South Carolina",100.98742057674,91.427981735109,0.75834189642926,2–6,2,8,38.5,46.4,34.7,49.4,20.8,16.9,34.4,33.2,63,37.8,48.8,26.5,26.7,9.8,15.9,47.3,53.1,34.2,28.2,62,,,,2015,,,,-0.29778003802862,74.5,71.4
Lamar,102.17999978565,115.90784649614,0.19005018833483,0–3,0,3,46.5,61.8,26.5,37.9,27.4,13.9,40.4,41.8,67,49.1,64.3,28.1,38.6,7.1,10.4,50,61.6,37.6,38.5,65,,,,2015,,,,-0.84953139438261,60,71
Kentucky,123.45134920635,87.875279717813,0.98033741137261,7–0,7,7,48.1,42.2,39,29.5,16.5,18.8,41,35.7,62.3,48.3,43.5,31.6,25.7,13.4,7.2,50,42.5,25.1,25.7,61.2,,,,2015,,,,4.7887528140023,75,61.2
Lafayette,108.02106973722,116.96959663822,0.28592487604821,0–2,0,2,53.5,50.3,21.8,18.5,23.8,8.2,17.2,49.5,67.3,48.4,48.5,41,35.7,6.9,12.9,73.9,60.9,38.6,35.7,64.3,,,,2015,,,,-0.47063523197276,77.3,72.4
VCU,110.48092666667,97.1394,0.81457290081546,2–3,2,5,47.2,56.4,22.4,31.9,15.7,20.6,27.3,35.3,63,47.3,54.2,31.3,40.4,8.9,7.4,50.4,58.5,38,34.4,66.3,,,,2015,,,,0.4418763706316,58.8,67.8
Iowa,111.77829835845,95.645365036349,0.85723439454546,4–7,4,11,43.7,50.2,42.1,29.9,16.7,14.5,35.2,33.9,62.5,43.2,47.9,30,36.1,11,10.4,51.3,54.4,27.1,36.6,63.1,,,,2015,,,,0.6227547066443,72.7,71.3
Alabama,115.15140506033,105.83157891652,0.72523649823947,0–9,0,9,50.9,55.9,34.5,54,19.6,15.8,27.5,34.2,62.5,50.2,53,34.6,40.5,7.1,9.3,40.5,60.7,39.7,38.1,61.6,,,,2015,,,,-2.3639057276513,72.7,70.2
NJIT,101.70776849365,101.09913732488,0.5172491706979,0–2,0,2,42.7,51.9,31.9,75.5,21.1,8.4,23.2,24.2,71.2,35.3,55.6,35.4,29.4,9.7,11.8,68.3,54,41.4,32.1,70.1,,,,2015,,,,-0.41357179584055,70.3,73.8
"La Salle",108.64466339869,99.407712418301,0.73532466702618,1–2,1,3,47.7,46.8,49,41.9,21.2,14.3,27.8,33,62.5,48.1,47.7,31.1,29.5,6.3,15.7,51.5,50,29.4,25.6,64.1,,,,2015,,,,0.22376339632862,72,77.8
Tulsa,103.68891666667,104.0974,0.48869809065172,0–4,0,4,44.7,53.4,34.6,37.7,18.6,16,27.5,31.7,65.7,36.9,53.5,39.5,35.4,10.4,9.9,51.2,53.3,35,35.4,66.2,,,,2015,,,,-1.2431488117174,65.3,76.2
"Grand Canyon",93.087090045409,108.00819953385,0.15319953761874,0–2,0,2,39.6,50.7,27,31.7,19.6,12.3,25.6,55.6,68.9,38.1,53.5,29,29.5,6.9,17.9,39,41.8,27,30.3,68.5,,,,2015,,,,-0.3811710774312,64.5,69.6
"Michigan St.",116.9783530303,95.545681515152,0.91112270849495,4–6,4,10,52.3,51.7,21.5,40.3,16.2,14.5,32.1,26.7,61.5,49.6,49.7,38.8,37,13.2,9.9,59,50.8,31.8,35,61.9,,,,2015,,,,1.5567071033309,60.5,73.6
"Cal St. Fullerton",68.648509499048,89.793028883283,0.043611592799603,0–1,0,1,27.8,50.8,40.7,20,22.1,19.4,17.8,33.3,72.3,26.5,45.7,20,42.1,4.3,17.6,69.2,62.1,37,29.2,70.3,,,,2015,,,,-0.34387535760643,68.2,53.8
"Southeastern Louisiana",101.86032996624,101.53341726194,0.50924087219715,0–3,0,3,40.8,52.3,24.3,21.5,25.9,13.5,28.9,32.4,69.4,45.3,47.1,22.2,40.5,7.4,12.3,46.8,57.5,37.3,37.9,68.6,,,,2015,,,,-0.63971565316763,65.9,78.6
"UC Riverside",87.301292097166,101.27415430307,0.15350661656984,0–3,0,3,33.9,55.4,17.2,51.3,20,17.5,26.4,35.5,64.9,34.9,54.2,21.5,38.3,10.4,18.3,55.8,66.7,37.4,38.5,66.8,,,,2015,,,,-0.76174770065548,76.7,66.3
Clemson,102.58750019921,94.172565532207,0.72795123136547,1–7,1,8,42.2,49.3,23.7,28.7,18.8,13.4,33.1,32.1,59.8,42.9,46.3,27.2,36.5,11.5,9.1,49.7,56.3,33.9,35.2,60.3,,,,2015,,,,-0.87654842866518,69.9,72.4
Colorado,98.913460049698,101.36297415842,0.43013035238455,0–7,0,7,40.1,53.8,39.5,42.6,20.9,15.9,29.5,32.7,63.6,41.4,49.2,24.2,42.4,11.3,9.7,32.6,59.3,27,32.2,63.7,,,,2015,,,,-1.8370755318272,62.1,75.6
"Coastal Carolina",108.86716666667,106.78116666667,0.55539406316506,0–1,0,1,43.3,50,38.3,41.9,14.2,15.6,26.3,40.5,70.6,52.6,45.2,18.2,40,2.4,7.9,41.7,59.3,36.7,32.3,68.6,,,,2015,,,,-0.34387535760643,82.6,84.6
"North Carolina A&T",86.012994220431,109.70754595346,0.057422746665002,0–1,0,1,44.8,62.1,6.9,35.5,34.3,14.5,30.6,25,75.7,43.8,65.1,30.8,36.8,2.3,6.3,72.7,60,44.8,30.6,74.2,,,,2015,,,,-0.21826524092873,75,90.9
Washington,114.24731160489,104.04121646913,0.74576494431066,2–5,2,7,49.9,55.6,32.5,30.2,18.8,16.4,28.4,34.7,64.2,48.6,55.8,34.9,36.7,6.8,11.6,50.9,52.2,33.6,27.2,64,,,,2015,,,,-0.046189085909768,73.8,71.1
"Colorado St.",111.71206688312,107.47028679654,0.60948993814854,0–3,0,3,44.9,52.5,20.2,31.3,16.1,14,35.5,30.4,62,43.9,47.8,31.3,42,11.5,12.3,37.1,45.3,36,30.7,65,,,,2015,,,,-1.0890579207751,66.7,76.5
UMBC,72.288752923516,94.293028461142,0.044959353745693,0–1,0,1,36.8,50,17.5,23.1,35.7,17.8,37.5,31.6,72.9,39.5,55,21.1,28,12.5,13.2,52.6,69,33.3,38.5,73.3,,,,2015,,,,-0.19673556021256,50,80
"Louisiana Monroe",100.04533333333,85.308833333333,0.86205597655771,0–1,0,1,39.8,35.6,12.5,61.5,15,21.1,24.4,37.5,59.1,30.8,37.8,36,20,10.8,10.3,38.1,52.9,39.1,28.8,61.3,,,,2015,,,,-0.28512483445292,62.5,75
"The Citadel",102.41725410141,106.23478251624,0.39631137163479,0–1,0,1,50,64.2,27.1,35.8,23.2,15.5,13.3,34.8,64.6,44.4,66.7,38.1,36.4,2.4,7.4,75,71.9,43.8,20.8,65.6,,,,2015,,,,-0.17122320411488,61.5,73.7
Hofstra,88.161,92.7595,0.35784667461455,0–1,0,1,37.5,41.8,30.9,46.3,17.4,13.4,33.3,35.6,74.9,30,40.4,32.1,30,2.1,17.5,42.9,48,41.2,29.9,75.1,,,,2015,,,,-0.30043353447863,61.9,64.5
"UMass Lowell",96.797933071299,122.39642248797,0.063070537788772,0–1,0,1,50,69.2,25.5,25,29.1,13.8,20,37.9,65.4,43.3,73.7,41.2,40.9,2.6,3.3,60,54.1,36.2,36.7,64.1,,,,2015,,,,-0.21826524092873,66.7,60
"South Alabama",110.00553788625,119.83071342201,0.2721350369875,0–1,0,1,43,60.5,17.7,40.4,8.7,13,44.9,27.6,69.3,45.9,58.5,22.2,43.8,4.9,13.1,34.4,67.7,22.8,28.1,71.5,,,,2015,,,,-0.33837398365698,50,78.3
Butler,107.71143624764,89.816296875453,0.88987130852592,5–6,5,11,43.7,48.6,38.1,39.9,18,17.2,33.6,24.9,65,40.4,50,34,30.4,7,14.4,41.5,51.6,31.1,31.5,64,,,,2015,,,,1.7896604124609,73.5,68.7
Wisconsin,129.98538048933,93.108111991583,0.97889878747659,7–2,7,9,53.3,52.5,31.1,27.8,13.4,18.2,32.9,23.6,58.9,51.9,49.4,37,40.7,6.5,8.4,48.2,42.8,38.9,26.7,58.7,,,,2015,,,,4.2222454279548,78.1,70.7
TCU,106.02566931939,98.309408708026,0.70452865648943,0–12,0,12,42,52.5,39.6,52.9,17.7,18.5,34.8,33.4,66.1,40.4,50.7,31.5,38.4,10.4,13.5,48.3,54,23.3,25.2,64.7,,,,2015,,,,-3.7168673842871,60.7,69.7
"Middle Tennessee",79.752333333333,101.40316666667,0.059409669552154,0–1,0,1,35.6,56.4,46.7,42.6,26.4,16.5,26.3,24,60.7,34.5,61.3,25,31.3,3.2,20.7,64.3,70.8,35.6,34,61.6,,,,2015,,,,-0.34306615576325,57.1,75
Oregon,112.60018299951,99.790899215749,0.8004026853899,3–4,3,7,48.6,53.3,30.4,41.3,17,17.7,21.6,35.7,64.6,45.9,55.9,35.6,32.3,7.8,8.6,43.2,48.6,36.7,34.7,64.5,,,,2015,,,,1.2642922378508,75,73.5
Harvard,61.963,111.14016666667,0.001206373470787,0–1,0,1,18,65.4,44,21.2,16.9,16.9,22.9,36.4,59.3,15.4,61,18.2,54.5,2.4,12.8,12.5,67.7,22,21.2,66,,,,2015,,,,-0.095867075068342,40.9,72.7
Florida,104.64256103971,93.219955661601,0.7907195754413,0–9,0,9,45,49.1,23.6,56.6,21.7,22.2,32.2,36.9,64.7,46,48.3,28.7,34.2,8.7,16.4,49,50.5,34.2,26.6,64,,,,2015,,,,-2.0982113082743,67.5,75.9
"Saint Joseph's",81.798202925929,102.87994362402,0.06679257717527,0–3,0,3,36.9,55.9,42.9,32.7,22.7,16.8,26.4,36.2,73.3,38.8,49.2,20.5,45.6,13.3,11.6,50,55.3,23.2,34.7,72.4,,,,2015,,,,-0.56038462566395,52.8,59.4
"Saint Mary's",97.470194500675,91.912829441672,0.66264847051689,0–4,0,4,42,52.8,30.6,32.9,19.8,13.3,25.9,25.8,61.9,43.2,48.6,25.9,41.5,5.4,13.5,46.8,56.6,28.2,30.5,60,,,,2015,,,,-1.0860753103355,65.1,68.6
"Texas A&M Corpus Chris",108.68890889028,102.41779513492,0.66450529702355,0–1,0,1,46.2,54.7,30.8,56.6,24.3,24.3,30,56.3,65.9,47.4,56.1,28.6,33.3,14.6,15.8,40.9,48.1,26.9,22.6,66.3,,,,2015,,,,-0.25458525536658,87.5,66.7
"Ohio St.",104.14245255115,97.42525042735,0.68281833924203,0–9,0,9,42.4,50.3,30.5,41.3,15.4,19.2,32.9,39.1,64.1,41.9,51.1,29,32.5,14.6,14.6,52.5,60.9,33.1,32.7,64.1,,,,2015,,,,-2.3699695700281,64.8,67.8
"Florida St.",104.25010548845,101.19190647794,0.58477390003625,0–9,0,9,45.1,52.7,38.6,45.5,20.8,15.3,29.2,33.7,64,45.7,51,29.1,38.1,10,11.7,44.1,55.1,32.4,28.2,64.8,,,,2015,,,,-2.2671878054643,66.1,71.3
"Seton Hall",106.4522689226,98.828328562379,0.70152969431597,2–9,2,11,44.3,50.6,33.1,46.9,18.1,16.5,33.4,34.7,66.4,44.5,52.9,29.3,30.8,8,11.7,46.1,60.1,35.7,33.7,66.5,,,,2015,,,,-1.1909494082145,65.1,65.9
"North Carolina",118.5324648092,94.269336602707,0.93300893807616,7–9,7,16,48.4,47.9,33.2,40.4,20.7,17.7,40,35.4,68.7,46.8,46.5,35.7,33.7,10.7,10.5,59.2,52.6,23.1,35.7,69.8,,,,2015,,,,2.4411347223897,70.8,72.8
Lehigh,104.58066666667,84.9345,0.91628435121771,0–1,0,1,60.8,43.7,19.6,33.8,31.3,12.2,16,39.6,73.6,62.9,50,37.5,24.2,5.3,8.6,53.6,59.3,31.4,46.5,73.9,,,,2015,,,,-0.16031791687553,40,62.5
Navy,92.475982068659,98.096379351899,0.33659231561264,0–3,0,3,42.1,61.4,24.7,33.7,23,17.1,18.3,28.6,68,42.3,59.4,27.8,43.1,2,14.4,67.8,69.3,34.2,39.2,68.5,,,,2015,,,,-0.85823446666694,76.9,71.4
"Saint Francis",76.137155759907,93.861353362192,0.082659660574156,0–2,0,2,35.2,56.4,23.5,19.6,24.8,24.8,19.4,34.6,62.6,34.4,59.5,24.3,32.1,2.7,19.7,46.7,52.8,37.8,27.5,66.1,,,,2015,,,,-0.57868040175057,60.9,75
"Santa Clara",102.25850164244,102.89247103475,0.48223843784162,0–5,0,5,43.6,57,22.4,44.4,14.5,16.1,24.6,35.4,64.8,38.2,50.8,35.6,46.2,5.6,12.6,47.3,64.7,35.3,33.7,62.6,,,,2015,,,,-1.3716513922895,72.7,69.2
"Loyola Marymount",98.951199309332,104.33737906025,0.35216569189774,0–5,0,5,43.8,57,33.7,44.9,23.2,16.9,31.8,36.4,63.9,41.6,52.7,32.9,41.7,7.3,7.6,54.5,70.9,28.3,43.4,63,,,,2015,,,,-1.4011726054582,72.4,68.9
Delaware,80.004149310672,103.30701962749,0.050225175680745,0–2,0,2,35.4,54.8,12.5,25.4,21.7,14.2,26.4,36.6,66.9,31.1,52.2,28.3,38.6,10.1,12.2,50,74.1,38.3,45.2,66.7,,,,2015,,,,-0.43715373498614,60,75
"Miami OH",84.196819577205,107.85212343416,0.054813538734548,0–1,0,1,38.5,61.4,19.7,33.3,25.3,10.7,23.3,27.8,75.1,45.7,61.4,19.2,40.9,2.3,11.4,66.7,69.4,42.6,33.3,73.6,,,,2015,,,,-0.21826524092873,66.7,54.5
"New Mexico",100.33034863946,106.46494557823,0.33570425589118,0–2,0,2,47.8,51.9,28.3,30.2,18.6,11.8,14.5,25.8,59.2,43.9,51.9,38.5,34.6,11.1,9.1,43.6,52.2,28.3,49.1,61.7,,,,2015,,,,-0.65266366832259,73.1,68.8
"Coppin St.",98.765619514179,121.33425549279,0.085747835621838,0–2,0,2,42.1,69,18,27.6,16,13.9,31.6,48.3,71.9,36.5,63,32.3,54.8,8.7,13.5,47.9,60.5,46.8,31.3,71.2,,,,2015,,,,-0.50515430732726,60,70.3
Temple,107.03658709677,95.105932258065,0.79560731877286,1–4,1,5,46,51.7,33.2,45.9,20.8,16.8,28.3,33.3,65.5,47.2,44.6,29.2,45.1,13.4,11.4,55,57.5,33.6,30.6,66.1,,,,2015,,,,-0.2867784428069,68.2,69.1
Monmouth,96.700723389713,93.523947729187,0.59487088755904,0–3,0,3,46.1,40.3,42.6,46.1,28.2,18.4,26.7,43.1,61.5,46.8,40.2,30,27,10.8,11.4,57.7,53.4,38.8,38.2,60.9,,,,2015,,,,-0.89456150432719,76.4,72.4
Southern,112.5235049544,99.649717988163,0.80174881700224,0–2,0,2,48,51.9,23.8,61.2,15.9,18.8,29.9,35,69.3,43.7,59.7,38.5,22.6,8.3,11.5,77.4,64,31,30.1,68.2,,,,2015,,,,-0.39273749437974,76.7,81
"Southern Miss",102.49070959448,110.05876038747,0.30591526460883,0–1,0,1,48.2,53.5,35.1,22.5,20.4,17.7,22.2,47.4,73.6,43.8,55.8,36,31.6,1.9,21.9,39.1,62.9,43.9,26.8,68.1,,,,2015,,,,-0.3389291109709,60,68.8
California,96.942680448659,98.008920871176,0.46859286338911,0–8,0,8,42.6,50.7,22.2,44.9,18.5,13.3,24,30.2,66.7,41.1,47.4,31.7,42.7,7.2,10.4,40.8,49,22.7,19.9,67.2,,,,2015,,,,-1.8820408629731,55.9,75.1
"Georgia St.",90.0985,92.840666666667,0.4146477768104,0–1,0,1,43,55,7.8,31.7,20.6,15.1,21.1,24.2,72.7,44.4,63.6,26.3,29.6,3,8.9,52,79.3,29.7,45,67.6,,,,2015,,,,-0.21568387804148,60,78.9
"Miami FL",113.31065431431,95.519047409093,0.87699610339796,3–7,3,10,47.9,52.3,32.2,37.7,16.2,18,27.2,30.1,64.5,46.5,51.1,33.3,36.5,5.8,15,51.9,57.2,39.8,33.5,64.6,,,,2015,,,,0.25459627916062,72,67.6
Georgia,114.75949350649,95.395634285714,0.89333478075058,1–4,1,5,49.3,50.2,50.4,40.4,19.2,12.6,28.3,24.3,66.5,50,50.5,31.6,33,8.6,11.5,48.3,58.1,28.4,36.3,66.3,,,,2015,,,,-0.106407365074,65.2,76.3
"North Dakota",96.919598718861,93.27077957717,0.60857141266504,0–2,0,2,39.8,62,35,62,18.4,23.1,22.7,31.4,65.1,33.8,65,34.3,37.5,10,16.2,34.3,54.9,34,34.8,70.6,,,,2015,,,,-0.31475821091084,63.9,70.2
"Saint Louis",92.16045663872,111.15398809622,0.10387126955198,0–3,0,3,43.7,61,55.2,41.5,21.3,16.6,18.4,37.6,64.1,43.9,54.5,28.8,47.6,9.9,15.9,62.7,67.1,38.8,38.4,63.4,,,,2015,,,,-0.84944978348812,58.1,64.7
"Arizona St.",102.5537799828,102.86762305755,0.49121603985917,1–5,1,6,45,59.3,35.5,39.9,22.2,18.1,27.8,29.6,65.4,43.5,55.3,31.8,47,1.8,14.5,50.8,53.3,35.5,26.7,65.6,,,,2015,,,,-0.50612845264654,70,71.8
"Purdue Fort Wayne",74.14437875891,88.420360562307,0.1166017217541,0–1,0,1,32.1,47.4,26.8,19,21.6,20.1,28.6,33.3,64.7,29.3,48.8,26.7,29.4,2.4,24.4,75,72,26.8,29.3,64.6,,,,2015,,,,-0.30653261123888,46.7,72.7
Iona,103.7475,95.4315,0.72329006021183,0–1,0,1,48.5,47.6,30.8,27.7,21.4,13.1,21.1,39.6,84.2,50,39.7,30.4,44,10.3,9.5,50,52.9,35.4,30.1,78.1,,,,2015,,,,-0.29424857801875,70,65.2
Stetson,84.546797906179,105.00454997036,0.076418621071795,0–1,0,1,38.1,56.5,37.3,21.7,13.8,12.4,13.3,35.9,72.3,42.9,42.9,22.6,47.1,11.4,7.1,47.4,80.6,52.5,49.3,69.9,,,,2015,,,,-0.3301342157913,63.6,80
Marshall,106.33581056816,96.672702372233,0.74943795547835,0–2,0,2,49.5,40.9,51.5,61.4,31.1,15.2,38.2,45.1,72.5,49.1,48.9,33.3,15.4,6.8,15.1,73.8,46.9,47.5,30.7,70.3,,,,2015,,,,-0.6169884725926,63.5,64.1
"Eastern Michigan",77.569833333333,85.143833333333,0.25514095543531,0–1,0,1,25.8,44.3,30.6,47.2,16.4,17.9,27.1,31.6,67,25,40.6,18.2,33.3,25,12.5,57.1,85,35.5,39.6,68,,,,2015,,,,-0.17122320411488,73.7,76
Niagara,88.360640554866,95.835736904929,0.28213339433543,0–2,0,2,36.4,60,28.8,34.3,16.2,19.1,29.3,22.4,68.1,34.1,59,27.5,40.9,6.6,14.1,50,63,32,41.9,65.8,,,,2015,,,,-0.65257813862006,66.7,61.1
Campbell,93.855179946065,113.34702895504,0.10247115501373,0–2,0,2,47.5,65.8,33.3,22.5,25.6,14.3,27.5,35.8,66.5,49.2,65.8,29.7,43.9,11.4,13.8,46.5,50,36.3,34.2,64.7,,,,2015,,,,-0.54839945672003,52.9,70.4
Mercer,108.5695,100.74133333333,0.70278494580847,0–1,0,1,45.7,45.8,27.1,52.1,16.3,20.1,28.3,47.1,58,43.6,48.9,32.3,26.9,11.1,7.7,51.9,51.7,44.3,36.6,58.1,,,,2015,,,,-0.33309758354862,68.4,56.8
"Savannah St.",83.429777486435,100.99203393716,0.10002759104378,0–4,0,4,36.2,61,22.7,40.2,28.6,23.8,22.4,42.3,68.2,38,60,21.5,42,4.1,15.5,48.5,63.8,31.4,32.2,66.5,,,,2015,,,,-1.1918427559407,48.9,76.7
"Oregon St.",95.118528431661,93.42068870419,0.55159716088709,1–5,1,6,40.9,49.8,31,46.6,18.1,20.7,22.6,36.4,58.9,42.2,46.3,25.5,37.9,11.7,13,48.1,53.7,33.8,33.6,58.2,,,,2015,,,,-0.72120373601198,64.4,75
Lipscomb,98.267132398277,110.83879621633,0.20029472363653,0–2,0,2,38.7,57.7,41.2,44.4,14.5,14.5,27.5,44.4,68.9,36.1,50.6,27.6,48.7,9.4,31.1,47.4,69.4,48.7,31.5,70.8,,,,2015,,,,-0.59941083055579,63.3,63.6
"Kennesaw St.",82.895837787287,116.56931817307,0.019448135064257,0–2,0,2,40.9,56.9,20.2,47.6,33.6,15.7,22.4,49.3,69.9,44.3,59.3,23.7,33.3,5.5,14.8,55.6,60,38.4,26.6,69.7,,,,2015,,,,-0.53674209072907,60,69.5
"James Madison",91.219433036386,103.71159572976,0.18603558294919,0–2,0,2,39.4,53.5,26.6,37.2,29,23.1,34.6,45.5,67.2,40.3,50,25.5,44,2.3,22.6,67.6,45.5,43.1,22.1,70.3,,,,2015,,,,-0.49595830949914,72.4,73.8
Georgetown,106.1777384169,91.696658698649,0.84372746749364,4–9,4,13,45.9,47.3,42.2,53.1,21.3,19.5,31.1,30.9,63.6,46.1,41.9,30.3,38.8,16.9,10,49.6,51.9,31,33.1,63.9,,,,2015,,,,-0.12989161681126,67.8,70.8
"USC Upstate",104.07966666667,95.232166666667,0.73529327321161,0–1,0,1,41.5,45.5,18.6,41.8,12.8,19.2,25.6,41.7,62.6,45.9,53.3,22.7,24,10,8.1,50,45.5,37.3,45.5,63.1,,,,2015,,,,-0.30590886508351,72.7,73.9
"Morgan St.",110.37483059927,104.41953388323,0.6542676596737,0–1,0,1,39.5,64.5,17.7,89.5,20.8,17.3,44.7,29.2,57.7,36.8,73.7,29.2,36.8,0,5.3,42.9,57.1,38.7,50,64.2,,,,2015,,,,-0.18595813666984,36.4,70.6
"Iowa St.",121.01509572038,98.054088795647,0.91830632896848,9–4,9,13,52.8,48.9,33.1,26,15.4,16.1,27.9,32.5,70.1,49.4,44.3,39.4,38.1,10.6,10.6,53.2,51.9,35.4,35.1,69.5,,,,2015,,,,5.1444012012005,67.2,76.7
"Alcorn St.",88.050027182135,109.67920143888,0.074053543134729,0–2,0,2,34,56.2,18,35.4,15.1,17.4,28.1,43.1,63.1,32.6,59.4,25.9,34.1,7.2,12.6,31.6,67.9,22.1,38.9,64.4,,,,2015,,,,-0.4384747134824,63.6,62.5
Purdue,110.87133976951,94.196186875795,0.86696580678067,4–6,4,10,49.1,49.9,34.5,44.3,19.4,14.6,33.1,34.2,63,49.5,49.1,32,34.5,13.9,12.6,53,52.1,28.3,31.4,63.4,,,,2015,,,,1.0616492649139,69.9,71
Drake,101.71606626811,110.37603410806,0.28097321954497,0–5,0,5,42.1,63.8,33.5,30,20.9,13,24.1,29.5,55.6,43.9,56.7,25,49,4.3,10.2,55.3,62.3,29,42,57.6,,,,2015,,,,-1.5996577277627,79.7,63
Marquette,101.37225614409,96.293981004832,0.6436006975903,0–13,0,13,46.3,52.1,28.4,33.1,22.3,20.2,27.9,38.8,63.2,44.2,47.3,33.3,40.2,7.2,12.3,61.8,67.8,36.4,37.2,63.5,,,,2015,,,,-3.5495247109042,64.6,74.9
"Holy Cross",83.384839042886,99.042503900123,0.12143084387478,0–1,0,1,29.5,46.4,37.5,44.6,19.1,22.1,23.9,45.5,67.9,30,61.9,18.8,0,9.5,15,60,42.3,28.6,25,66.4,,,,2015,,,,-0.31779652901492,71.4,80
Houston,111.06022757947,112.46300312406,0.46397649803681,0–2,0,2,48.5,61.1,29.6,41.1,24.6,19.5,32.8,42,58.9,44.9,59.6,34.7,41.9,11.5,14.3,64.1,81.6,50,45.3,61.6,,,,2015,,,,-0.6348735571778,62.1,79.5
Hampton,89.424848059246,100.38692537415,0.20919510388905,0–2,0,2,39.3,50.9,22.3,49.1,23.6,17.7,26,39.7,67.9,42.7,49.3,21.6,35.9,1.3,14.7,45,66.7,33,34.2,67.4,,,,2015,,,,-0.51453208922748,60,69.6
"New Mexico St.",93.23,93.603166666667,0.48851738182073,0–2,0,2,48.8,47.2,51.2,29.8,30,16.2,27.9,41.6,64.9,47.4,49,34.5,26.9,6.1,19.3,75.7,45.5,33.7,21,67.6,,,,2015,,,,-0.35473711925339,56.8,54.1
"Ball St.",109.62820615571,106.36989043164,0.58588496405625,0–2,0,2,50.5,56.4,33.7,68.3,26.9,21.1,29.3,42.4,68.8,46.2,52.5,38.9,47.6,7.5,15.4,47.7,48.1,35.6,20.8,72.9,,,,2015,,,,-0.41787234304905,79.4,66.7
Milwaukee,94.289193510794,106.0123485462,0.20625099221496,0–3,0,3,43.7,57.9,30.2,32.8,23.9,12,21.4,29.5,69.7,42.3,56.2,30.6,41.5,3.1,11.3,60,44.2,39,29,70.4,,,,2015,,,,-0.84575090632421,77.1,78.3
Portland,104.643125,103.66568055556,0.52695468350024,0–4,0,4,46.8,56.7,32.8,39.4,18.1,16.6,31,34.6,69.1,45,58.9,34.4,35,9.3,6.4,54.5,57.3,27.2,34.6,65.9,,,,2015,,,,-1.2004281881746,76.6,76.9
Albany,100.084,86.837166666667,0.836541067679,0–1,0,1,53.8,44.1,15.1,40.7,27,18,30,35.7,66.6,50,43.5,41.2,30.8,2.2,8.3,52,58.3,32.1,22,65.8,,,,2015,,,,-0.27701462737371,37.5,50
"San Francisco",109.90471450617,99.954065123457,0.74864240062965,0–4,0,4,49.8,54.5,34.2,45.1,19.1,14.8,24.1,33.3,69.4,49.3,57.8,33.8,32.6,4.1,7.7,50.5,56.6,36,36.9,67.6,,,,2015,,,,-0.98151729553613,68.4,70.5
Bucknell,104.1655,86.8055,0.89056998349868,0–1,0,1,52,43.5,35.3,66.7,30.1,10,30,25.6,69.8,51.4,50,35.7,22.7,6.3,10.8,45.8,47.6,27.5,40.7,70.1,,,,2015,,,,-0.091127873011788,66.7,69.4
Connecticut,102.06697053872,98.425588383838,0.60295096899864,1–5,1,6,45.7,50,28.3,47.5,23.4,20,33.5,39.2,64.9,43.5,46.8,33.1,38,10.1,14,42.6,55.7,36.3,31.4,65.3,,,,2015,,,,-0.82212747299914,67.4,66.2
"Florida Gulf Coast",89.513878336156,92.916099907712,0.39436814657156,0–1,0,1,44.4,48.4,25.9,26.6,23.6,10.3,25.7,28.2,67.9,31.6,45.8,50,37.5,10.4,15.8,65,57.1,29.6,25,67.3,,,,2015,,,,-0.22811144801038,64.3,52.9
"San Jose St.",65.371307520301,110.73045388569,0.002327389664431,0–1,0,1,28.4,60.8,36.4,21.5,29.6,11.8,13.9,33.3,67.6,32,57.5,15.8,44,7.5,8,27.3,47.1,43.2,38.5,69.2,,,,2015,,,,-0.36359139951453,68.8,50
"Utah Valley",82.095515840814,96.204266171952,0.1389799001891,0–2,0,2,39,52.9,30.5,47.9,22.8,18,12.7,37.7,72.3,30.8,61.5,35,24.4,5.1,21.5,61.8,51.7,38.1,34.5,68.7,,,,2015,,,,-0.3772573039076,62.5,70.2
Missouri,95.834168559226,102.22104398464,0.32257564775179,0–8,0,8,41.5,54.4,30.8,41.7,21.6,16.6,24.6,37.9,64.9,43.2,51,25,40.8,6.5,13,48.4,58.1,29.8,33.3,64.2,,,,2015,,,,-2.0102556360269,66.4,71.2
Cincinnati,117.95076475264,91.473967070262,0.94899345830082,2–1,2,3,56.3,48.9,35.4,41.3,18.4,21.3,35.5,30.8,57.9,57.7,47.1,35,36.1,9.8,5.8,50,55.7,27.8,26.1,58.2,,,,2015,,,,0.88437289077566,64.7,66.7
"South Dakota St.",111.698,105.9795,0.64665337622069,0–2,0,2,48.2,61.7,20.2,38.8,17.7,13.8,26.1,17.9,65,46.6,65.1,34.1,37.5,3.2,5.5,33.3,62.5,36,38.8,70.4,,,,2015,,,,-0.31475821091084,82.6,67.5
"Boston University",113.03628830446,97.511983447621,0.84539580914936,0–1,0,1,47.1,64.4,34.6,39,29.6,17.5,29,33.3,74.2,39.3,68.4,37.5,38.1,2.6,32.1,50,70.6,46.2,35.6,76,,,,2015,,,,-0.045255869787133,88.9,56.5
"Air Force",87.643755571615,95.855876916628,0.26308366307753,0–2,0,2,45.8,46.8,32.1,19.8,26.2,16.1,22.6,30.8,59.1,54.4,49.2,18.5,29.2,4.8,12.3,38.9,60,32.1,43.2,61.6,,,,2015,,,,-0.65266366832259,51.9,72.7
Bradley,92.872406755934,97.080853829045,0.37527502768722,0–5,0,5,38.3,54,30.3,45.5,18.8,19.5,26.2,29.8,57.5,37.8,52.6,26.1,37.4,2.3,10.9,48.8,62.5,36.1,40.6,62.1,,,,2015,,,,-1.5591088765971,70.3,71.6
Troy,94.198699921153,108.33134289259,0.16692714916475,0–1,0,1,42.3,53.8,44.2,30.8,22.5,12.6,20.5,32.4,71.2,38.2,58,33.3,26.7,10,26.5,31.6,51.5,34.6,23.1,71.3,,,,2015,,,,-0.33309758354862,69.6,60
Gonzaga,123.8985,91.168758333333,0.97146377551819,3–1,3,4,56.3,47.3,41.7,40.1,14.9,16.6,28.6,27.7,68.8,52.8,43.5,43.3,36.8,6.8,4.9,59.1,50,29.1,32.1,64.9,,,,2015,,,,1.846909795714,71.9,74.7
"South Florida",98.565361193203,101.76173637412,0.40926271744589,0–3,0,3,46.6,46.4,25,48.5,20.2,16.1,28.3,39.8,64.3,48.3,44.2,27.5,34.7,10.8,12.5,52.2,60,25,29,66.4,,,,2015,,,,-0.93530709165643,57.5,69.5
Army,116.65673711599,103.7065834604,0.79465339947878,0–1,0,1,51.8,55,31.6,61.7,19.4,13.9,18.8,47.2,72.1,46.3,65.9,43.8,21.1,0,9.8,53.8,64.5,28.1,31.7,70.5,,,,2015,,,,-0.06549216387944,77.8,73
"Loyola MD",72.816681027943,102.15705071759,0.019966865674841,0–2,0,2,29.6,57.9,29.1,38,29.7,16.7,31,28.3,65.7,23.7,57.5,25,39.3,6.3,25.4,48,64.9,42.7,25.9,65.5,,,,2015,,,,-0.53674209072907,50,61
Belmont,99.242833333333,102.86791666667,0.39829482576574,0–2,0,2,48,53,20.4,32.2,25.1,17.3,19.4,40.9,63.8,46.5,55.8,32.7,31.6,5.2,11.6,71.1,56.4,56.1,33,63.2,,,,2015,,,,-0.56057762649585,65,62.2
"Southern Utah",98.862717574396,109.34671532847,0.23883042439779,0–1,0,1,44.2,57.1,38.5,44.6,19.6,13.6,28.1,33.3,66.2,50,60.5,22.2,30.8,4.7,2.9,28.6,36.7,34.6,23.2,67.8,,,,2015,,,,-0.36359139951453,70,60
"N.C. State",114.25408692288,95.32242713996,0.88927298280781,3–8,3,11,48.7,48.1,29.3,34,16.4,15.7,32.3,34.4,62.5,45.5,46.2,37.1,34.9,11.9,12,49.1,55.8,31.4,30.9,62.4,,,,2015,,,,0.17049569118645,63.5,73
Pittsburgh,118.06011536073,105.3469205732,0.78755547747522,3–7,3,10,48.6,56.4,27.6,37.7,16.6,15.3,35.4,32.7,61,47.3,56.4,34.6,37.6,5.9,12.2,68.4,53.8,28,27.4,61.1,,,,2015,,,,0.083792355240516,66.2,72.2
Furman,96.500310713942,114.17905875557,0.12624789517453,0–1,0,1,39.3,65.9,21.4,15.2,21.5,10.7,27,43.3,65.2,34.2,73,33.3,37.9,8.1,10.5,52.6,63.2,32.1,43.9,63.8,,,,2015,,,,-0.06549216387944,83.3,60
Massachusetts,99.292401754386,96.07960877193,0.59345273021917,0–5,0,5,46.6,53.9,40.8,34.4,23.8,18.9,27.3,32,72.3,49.5,53.8,26.5,36.1,6.3,12.9,46.6,46.9,30,31.8,69.6,,,,2015,,,,-1.5028452518848,69,70.5
"Mount St. Mary's",102.60743171457,107.33578823819,0.37329772614781,0–2,0,2,45.8,63.5,17.5,35.7,18.8,12,26,32.8,66.6,39.1,64.7,35.7,40,4.7,10.9,53.3,49.3,46.7,26.1,66.2,,,,2015,,,,-0.23595542845356,57.1,61
Syracuse,106.94220106806,86.775607999845,0.91706139959581,3–6,3,9,44.4,50,32,36.6,18.2,22.7,28.9,36.2,68.6,47.3,50.3,25.5,33,11.5,10.4,60,65.2,31.1,34.8,68.5,,,,2015,,,,1.0218795317458,69.4,72.4
"Jacksonville St.",74.133748475912,115.36154109026,0.0061489755744538,0–1,0,1,33,50.7,24,36.5,29.5,17.7,23.1,63.8,67.8,37.5,62.5,19.2,19.2,2.1,16.7,85.7,42.9,52,35.1,67.1,,,,2015,,,,-0.1786244536687,50,48.1
"McNeese St.",97.260882222162,106.46778852213,0.26112597267307,0–2,0,2,37.7,58,23.8,34.5,18,19.5,28.3,42.2,69.4,36.9,62.2,26.2,32.4,3.7,9.5,52.4,68.3,33.3,31.1,68.4,,,,2015,,,,-0.51598272730917,53.3,61
"Rhode Island",104.347,104.50641666667,0.49561116842724,0–2,0,2,47,53,46.5,51.5,20.6,18.2,27.8,35.1,63.3,44.1,51.3,35.5,39.1,5.3,17.6,41.5,56.3,31.3,23.2,61.8,,,,2015,,,,-0.57167703866021,58.7,76.5
"Detroit Mercy",105.81225238751,98.702531381626,0.68995113327735,0–2,0,2,46.4,50,19.2,36.2,18.4,17,28.6,40.5,70.7,40.5,55.1,39,29.5,5.8,7.1,42,51.8,32.8,46.9,70.8,,,,2015,,,,-0.79150187795921,75,63.8
"Sam Houston St.",114.05916666667,105.11683333333,0.71888068909289,0–1,0,1,39.7,46.7,20.5,42.6,15,10.5,45.1,34.1,66.7,34,43.8,34.8,38.5,8.3,18,32,61.5,31.5,21.3,61.7,,,,2015,,,,-0.3389291109709,60,73.1
"East Tennessee St.",101.13623299144,113.4252012374,0.2110239671983,0–1,0,1,47.1,60,25,30,32.6,13.4,39.4,32.3,67.4,39.3,65.6,37.5,35.7,0,21.4,65,74.2,46.2,46.7,65.1,,,,2015,,,,-0.3416320647817,84.6,66.7
Duquesne,105.79560764903,118.01942325818,0.2214196485019,0–1,0,1,50,70.6,16.1,19,19.2,10.3,32.4,31,67.7,55,67.6,27.3,50,5.4,2.5,50,57.9,35.5,41.3,65.4,,,,2015,,,,-0.3301342157913,70,50
"Virginia Tech",107.23785254133,104.0927306462,0.58475449657335,0–11,0,11,49.6,55.6,23,33.7,20,16.7,22.9,37.4,62.1,44.8,55.2,38.1,37.5,6.4,13.9,53.8,62.8,39.2,38.3,63,,,,2015,,,,-2.8298019706475,61.8,68.6
"North Carolina Central",98.555388888889,100.33744444444,0.44866089135085,0–3,0,3,42.3,51,24.5,51.7,17.2,20.9,24.8,43,62.2,40.9,50,30.2,35.6,6.9,17.3,50.8,58.2,32.5,30.6,61.9,,,,2015,,,,-0.77173673969929,70,68.4
"North Dakota St.",83.132950605259,103.87988278219,0.071615639309649,0–2,0,2,33.7,57.6,24,34.7,18.3,19,22.8,30,73.8,24.7,57.9,30.4,38.1,7.9,9.6,57.1,48.3,43.4,35.6,75.2,,,,2015,,,,-0.4384747134824,61.3,87.8
"Northwestern St.",120.92415342868,114.03100709928,0.66261531278834,0–2,0,2,47.6,56.6,22.4,28.5,15.7,18.3,34.1,47.5,76.7,49.5,53.5,28.6,42.2,8.1,11.9,46.8,55.6,29.4,31.3,72.5,,,,2015,,,,-0.46327338755267,75,65.9
Fairfield,102.02041083234,111.02471828579,0.27434871627742,0–1,0,1,43.4,71.8,32.1,45.2,24.3,16.2,18.2,46.2,74.2,51.3,77.5,14.3,40.9,2.5,10.3,40.9,55,26.4,35.5,72.6,,,,2015,,,,-0.06549216387944,76.5,71.4
Arkansas,116.82350825826,101.11061336336,0.8403944667633,2–4,2,6,49.4,54,33.4,53.5,18.6,20.3,30.7,38,68,49.6,53,32.7,37.4,7,7.9,48,58.9,29.6,31.5,68.3,,,,2015,,,,0.74011540135317,72.8,72.6
"Cal St. Bakersfield",52.696910037839,73.640607473808,0.020869880990418,0–1,0,1,22.3,27.2,8.9,50.9,35.3,20,37,39.1,65.1,30.6,33.3,5,12.5,6.1,25,75,57.1,35.7,42.1,69.1,,,,2015,,,,-0.28907226880806,40,69
"George Washington",100.26392857143,92.593803571429,0.71406579437986,1–3,1,4,45,46.6,21.6,25.1,22.4,12.6,27.7,33.8,61.4,40.6,42.3,35.7,36,12.1,14.5,48.1,50,33.7,36.6,62.6,,,,2015,,,,-0.059148711618492,64.4,72.9
Dayton,97.338777777778,95.544364021164,0.55329126581478,1–2,1,3,48,52.2,29.5,30.6,20.7,17,22,28.1,62.9,50,49.5,28.9,37.7,7.1,11.5,55.4,66.7,30.2,38.1,59.9,,,,2015,,,,0.033985141408253,70.5,69.4
"Stephen F. Austin",106.52,99.105388888889,0.6962942083808,0–3,0,3,46.4,55.2,21.7,43.9,19.6,18.1,33.1,35.4,63.8,45.1,53.1,32.1,41.7,10.2,14.7,62,62.7,43.3,22,66.8,,,,2015,,,,-0.85820224399907,61.5,63.9
"Arkansas St.",74.621357316413,115.85499909715,0.0063118449775068,0–1,0,1,31.6,58.5,24.6,47.5,24.8,14.6,31.7,41.9,68.5,34.9,58.3,14.3,39.1,5.6,18.6,64.7,70,24.6,39,68.4,,,,2015,,,,-0.30653261123888,71.4,64.3
Oakland,105.07351094066,108.01168301838,0.42136787177359,0–4,0,4,46.9,60.3,32,50.2,18.7,12.7,21.5,30.1,70.8,48.6,56.3,29.5,46.4,1.3,5.7,62.8,63.9,38.6,30.1,69.4,,,,2015,,,,-0.77582467312872,67.1,67
"Southeast Missouri St.",97.137787161878,100.32101857415,0.40834412935295,0–1,0,1,43.8,56.3,39.3,51.8,22.8,17.4,25.7,27.6,74.6,50,56.8,18.8,36.8,5.4,5,43.5,71.4,28.6,33.9,69.2,,,,2015,,,,-0.29424857801875,81.8,72.4
Binghamton,72.470152881052,92.198647049992,0.059030157555971,0–2,0,2,33,51.7,23.3,36.2,27.2,18.9,24.7,40,66.1,36.8,56.5,17.1,25.8,4.7,16.2,41.9,55.4,34,26.7,66.2,,,,2015,,,,-0.42996132993842,66.7,66.7
"George Mason",93.741389909195,98.451341195845,0.36267791609141,0–5,0,5,46.6,47.5,48.2,44.3,25.7,15.2,27.9,34,69.2,50.3,47.2,23.3,32.1,7.3,12.4,44.1,58.3,23.7,36.7,68.5,,,,2015,,,,-1.4651132457007,55.7,71.1
"Green Bay",105.7165,85.914,0.91569662000629,1–1,1,2,41.4,46.5,33.6,46.9,14.2,14.2,30.5,32.5,67,44.8,47.4,19.2,29.7,10.5,13.5,50,46.8,21.3,32.7,71.2,,,,2015,,,,0.59392122095435,65.9,64.2
"UNC Greensboro",96.354527537668,104.62103777792,0.27957552005425,0–2,0,2,50.8,54.7,27.7,44.4,17.8,21.4,24,49.3,70.1,44.4,58.2,40.4,31.6,5.1,6.9,47.1,50,39.5,32.5,66.4,,,,2015,,,,-0.68506789338238,42.4,73.1
"Little Rock",90.459407175778,97.882042615993,0.28763219231436,0–1,0,1,39.3,58.7,31.1,29,18.5,14.5,20.9,35.1,75.8,34.9,61.2,33.3,35,8.2,0,47.6,59.5,29.5,29,69.4,,,,2015,,,,-0.28940932012283,73.7,50
Rutgers,96.634779737308,95.0706093295,0.54677946253628,1–7,1,8,41.6,51.7,30.9,36.9,18.4,17,25.1,34.8,66.1,41.6,50.7,27.6,35.7,6.7,10,47.6,60.2,30.2,34.1,67.3,,,,2015,,,,-1.4528631452041,70.1,64.7
"Nicholls St.",90.647745195029,115.88356188439,0.056016851999407,0–2,0,2,43.9,60.2,16.4,52.5,24.1,15.8,25.9,44.1,72.7,43,58.6,30.6,42.9,2.3,12.8,41.7,63.6,29.5,28.7,74.8,,,,2015,,,,-0.4115801529951,50,71.9
"Sacramento St.",85.909286637003,108.9868905794,0.060867327221673,0–1,0,1,40.2,62.1,35.7,48.5,28.1,15.3,20,44.4,78.4,36.6,61.9,33.3,41.7,2.4,14.6,25,66.7,26.8,36.4,78.1,,,,2015,,,,-0.12762468787047,65,68.8
"William & Mary",88.76175,102.11883333333,0.16629926096863,0–2,0,2,38.6,55.3,30,33.3,18.3,16.1,17.7,28.6,68.2,47.5,54.5,18.4,37.8,5.2,4.9,36.8,62.5,44.5,32.5,66.8,,,,2015,,,,-0.41401146058797,72.7,73.7
Colgate,83.407598762646,107.87689056959,0.049341496768676,0–2,0,2,40.4,54.7,6.4,27.1,26.1,11.9,24.3,32.9,63.2,41.1,47.4,26.4,45.2,2.6,21.4,59.5,56.4,48.6,35.6,61.8,,,,2015,,,,-0.53606176994364,71.4,59.4
USC,96.252595738167,100.49275000282,0.37853738725002,0–6,0,6,43,51.6,26.4,39.4,21.2,19.5,29.2,41,68.3,40.2,49.8,32.7,36.6,7,10,47.7,58.9,30.7,35.1,68.4,,,,2015,,,,-1.6028956106376,59.8,73.9
UNLV,100.9969,88.695333333333,0.81662537972496,1–4,1,5,46.4,46.8,26.1,33.3,21.4,16.1,23.8,29,66.5,45.1,45.9,32.6,32.9,14.7,6,44.2,52.8,33.3,25.9,67.5,,,,2015,,,,-0.42866475552854,58.3,63.3
"Illinois St.",113.22350839275,100.7814384284,0.79227782394636,1–5,1,6,45.8,51.7,28.9,42.3,17.8,16.2,34.4,35,59.8,43.2,51.4,33.9,34.8,10.8,9.9,40,54.1,34.5,38.3,64.2,,,,2015,,,,-0.85062423257424,72.3,75.6
Utah,106.45817708333,92.813484027778,0.8288279130848,2–6,2,8,46.2,44.8,36.9,40.9,21.7,15,30,34.4,60.8,46.7,43.1,30.4,32.8,14.8,12.8,54.4,45.1,43,27.7,59.7,,,,2015,,,,-0.22389065142686,68,73.9
"Louisiana Tech",111.10183333333,96.664166666667,0.83213727681161,0–2,0,2,47.2,46.3,47.2,38.3,19.2,19.2,28.4,45.3,67.7,49.4,46.2,27.6,31,14.3,13,45.7,41.2,27.4,24.2,67,,,,2015,,,,-0.61823006349355,68,71.7
Jacksonville,79.087740599641,112.88770266627,0.016429510620271,0–2,0,2,29.7,55.4,22.8,32.2,20.2,19.4,20.8,54.4,61.9,27.6,53.3,24,39.1,4,23.7,40.7,50,24.8,38,62.9,,,,2015,,,,-0.58555836893155,73.9,61.5
"Tennessee St.",80.596196518019,109.18503484723,0.029560376865085,0–2,0,2,34,63.2,32,31.1,18.2,19,19.8,45.3,60.5,36.2,65.2,19.4,40,4.5,14.5,41.9,69.5,31,37.7,64.3,,,,2015,,,,-0.4535387523543,43.8,69.7
Stanford,115.04879401461,101.74705873584,0.8042329912048,1–7,1,8,47,53.7,32.3,50,16.8,15.5,29,34.1,65.8,41.1,50.5,40.3,40.1,3.7,9.8,41.1,55.9,30.6,32.8,65.3,,,,2015,,,,-0.67136060931083,75.7,71.4
Longwood,79.867079849539,96.449355863494,0.10252077017074,0–1,0,1,35.4,50,29.2,12.7,29.6,10.4,22.9,32.6,67.5,28.9,53.7,40,30,2.4,23.7,66.7,67.7,20.8,42.3,67.9,,,,2015,,,,-0.19673556021256,71.4,66.7
"Sacred Heart",82.552845616271,120.00410451389,0.013360475233688,0–1,0,1,29.9,63.9,17.9,25,28.5,9.5,37.7,42.4,73.6,25.6,63.3,25,43.5,4.1,18.6,52.9,58.5,35.8,31.9,72.1,,,,2015,,,,-0.21826524092873,66.7,77.8
"Western Kentucky",106.11583333333,99.573166666667,0.67520964073734,0–1,0,1,46.4,47.2,44.6,56.6,20.7,16.5,23.7,23.5,72.6,33.3,51.6,43.5,27.3,3.2,27.3,71.4,50,41.1,41.5,71.9,,,,2015,,,,-0.44087391320453,60,86.7
"UT Arlington",93.613394773837,101.84340875552,0.27507510758176,0–2,0,2,36,48.2,16.9,53.1,20.1,24,30.1,59.7,64.6,32.1,51.5,29.7,28.9,7.4,29.6,32.4,60.4,31.4,39.8,66.4,,,,2015,,,,-0.28699502305697,60,76.7
Fordham,90.059259998197,97.971859721817,0.27519104840571,0–3,0,3,41.2,55.5,22,32.5,25.8,14.9,30.6,27.1,64.7,42.4,55.8,26.4,36.8,9.5,7.6,55.2,51.3,43.9,41.7,63.5,,,,2015,,,,-0.95848700370357,69.4,66
"Alabama St.",106.84503099496,104.79684419057,0.55541934133016,0–2,0,2,46.8,62.5,27.4,50.8,26,14.3,36.1,26.2,77.1,37,57.8,50,48.6,10.8,13,62,66.7,25.8,30.8,76.2,,,,2015,,,,-0.42304865225974,73.5,65.6
"Wichita St.",123.5968018018,99.485205105105,0.92383847831229,1–2,1,3,49.1,59.1,23.8,41.6,11.3,17.5,28.6,20.7,56.9,46.7,53.9,34.6,45.8,12.4,8.9,47.8,40,46.4,35,62.2,,,,2015,,,,0.23220460943874,77.5,64.9
"Texas Tech",98.989029410796,99.814102578384,0.4761543046273,1–12,1,13,42.9,54.2,36.7,33.4,22.6,18.2,30.5,33.7,62.1,40.5,55.5,31.7,34.9,11.7,14.3,54.3,59.1,34,41.5,60.8,,,,2015,,,,-3.1388895022731,61.6,70.6
"Boise St.",103.05144444444,92.165733333333,0.78310595824443,1–2,1,3,43.1,49.7,23.3,24.1,17,13,28.4,25.3,58.8,37.7,49.5,35.8,33.3,4,13.2,44.1,47.8,33.3,36.1,61.8,,,,2015,,,,0.34278940132464,73,71.1
